Time (ms), Temperature (C), Shunt Voltage, Bus Voltage (V), Current (mA), Power (mW), Load Voltage (V)
500,29.00,-0.01,3.98,-0.30,0.00,3.98
1000,29.00,155.48,0.05,1554.60,88.00,0.21
1500,29.00,155.30,0.05,1552.70,88.00,0.21
2000,29.06,154.98,0.05,1551.70,82.00,0.21
2500,29.06,154.73,0.05,1546.80,82.00,0.21
3000,29.00,157.77,0.06,1575.00,82.00,0.21
3500,29.00,160.01,0.06,1594.20,82.00,0.22
4000,29.00,157.86,0.06,1588.30,88.00,0.21
4500,29.00,159.38,0.06,1594.30,82.00,0.22
5000,29.00,160.99,0.06,1608.00,92.00,0.22
5500,29.00,160.12,0.06,1604.90,88.00,0.22
6000,29.00,160.75,0.05,1607.80,88.00,0.21
6500,29.00,162.65,0.06,1620.50,86.00,0.22
7000,29.00,161.37,0.06,1613.40,86.00,0.22
7500,29.00,160.92,0.05,1634.10,92.00,0.21
8000,29.00,164.48,0.06,1646.30,92.00,0.22
8500,29.00,162.56,0.06,1625.80,98.00,0.22
9000,29.06,163.43,0.05,1630.20,92.00,0.22
9500,29.06,163.66,0.06,1627.40,92.00,0.22
10000,29.06,163.64,0.05,1634.80,92.00,0.22
10500,29.00,163.59,0.06,1636.90,92.00,0.22
11000,29.00,163.84,0.06,1638.10,92.00,0.22
11500,29.00,164.00,0.06,1639.40,98.00,0.22
12000,29.00,164.11,0.06,1640.60,92.00,0.22
12500,29.00,163.93,0.06,1634.90,86.00,0.22
13000,29.00,164.66,0.06,1645.80,98.00,0.22
13500,29.00,163.96,0.06,1642.20,92.00,0.22
14000,29.00,163.80,0.06,1642.50,92.00,0.22
14500,29.00,164.05,0.06,1640.60,92.00,0.22
15000,29.00,164.02,0.06,1640.80,92.00,0.22
15500,29.00,164.15,0.06,1644.00,86.00,0.22
16000,29.00,164.48,0.06,1642.60,92.00,0.22
16500,28.94,164.19,0.06,1641.60,98.00,0.22
17000,29.00,162.97,0.06,1635.10,92.00,0.22
17500,28.94,166.94,0.06,1670.50,96.00,0.22
18000,29.00,167.36,0.06,1665.00,92.00,0.23
18500,29.00,167.57,0.06,1675.60,102.00,0.22
19000,29.00,166.20,0.06,1661.20,98.00,0.22
19500,29.00,166.70,0.06,1667.40,92.00,0.23
20000,29.00,167.39,0.06,1674.20,102.00,0.23
20500,29.00,167.60,0.06,1674.20,96.00,0.22
21000,29.00,166.73,0.06,1671.60,96.00,0.22
21500,29.00,167.64,0.06,1675.40,102.00,0.23
22000,29.06,168.33,0.06,1680.00,96.00,0.23
22500,29.06,166.91,0.06,1670.20,102.00,0.22
23000,29.06,168.01,0.06,1686.00,102.00,0.23
23500,29.06,167.93,0.06,1678.50,96.00,0.22
24000,29.06,167.27,0.06,1672.20,102.00,0.22
24500,29.06,166.88,0.06,1671.80,98.00,0.23
25000,29.06,170.87,0.06,1708.00,102.00,0.23
25500,29.06,171.23,0.06,1712.40,102.00,0.23
26000,29.06,171.18,0.06,1709.90,102.00,0.24
26500,29.06,171.28,0.06,1713.00,102.00,0.23
27000,29.06,170.99,0.06,1710.00,102.00,0.23
27500,29.06,171.13,0.06,1711.60,102.00,0.23
28000,29.06,170.00,0.06,1699.70,102.00,0.23
28500,29.00,170.02,0.06,1698.60,102.00,0.23
29000,29.00,170.08,0.06,1701.20,102.00,0.23
29500,29.06,170.52,0.06,1703.90,102.00,0.23
30000,29.06,170.20,0.06,1701.50,102.00,0.23
30500,29.06,170.81,0.06,1708.20,102.00,0.23
31000,29.06,171.02,0.06,1709.20,102.00,0.23
31500,29.06,170.70,0.06,1707.30,102.00,0.23
32000,29.12,171.13,0.06,1710.10,102.00,0.23
32500,29.12,170.25,0.06,1698.90,102.00,0.23
33000,29.12,171.47,0.06,1714.60,102.00,0.23
33500,29.12,171.30,0.06,1712.90,96.00,0.23
34000,29.12,171.53,0.06,1715.90,102.00,0.23
34500,29.12,169.76,0.06,1698.60,102.00,0.23
35000,29.12,170.03,0.06,1700.40,102.00,0.23
35500,29.06,171.58,0.06,1716.30,102.00,0.23
36000,29.12,170.04,0.06,1700.40,96.00,0.23
36500,29.06,171.11,0.06,1718.50,102.00,0.23
37000,29.12,170.43,0.06,1711.20,102.00,0.23
37500,29.06,171.02,0.06,1710.30,108.00,0.23
38000,29.06,171.10,0.06,1711.00,96.00,0.23
38500,29.06,172.12,0.06,1722.20,104.00,0.23
39000,29.06,171.38,0.06,1715.70,112.00,0.23
39500,29.12,170.85,0.06,1708.80,102.00,0.23
40000,29.12,171.05,0.06,1710.00,102.00,0.23
40500,29.12,171.72,0.06,1716.10,96.00,0.23
41000,29.06,171.23,0.06,1712.10,102.00,0.23
41500,29.06,172.46,0.06,1717.30,102.00,0.23
42000,29.06,172.60,0.06,1717.90,104.00,0.23
42500,29.06,172.73,0.06,1717.60,102.00,0.23
43000,29.06,172.86,0.06,1728.50,104.00,0.23
43500,29.06,172.81,0.06,1728.60,104.00,0.24
44000,29.06,172.85,0.06,1729.00,104.00,0.23
44500,29.06,172.99,0.06,1728.40,104.00,0.24
45000,29.06,172.38,0.06,1718.90,104.00,0.23
45500,29.06,173.40,0.06,1732.70,104.00,0.24
46000,29.06,173.07,0.06,1731.60,104.00,0.23
46500,29.12,173.31,0.06,1733.30,104.00,0.23
47000,29.12,173.36,0.06,1732.90,112.00,0.24
47500,29.12,173.36,0.06,1725.80,104.00,0.23
48000,29.12,172.31,0.06,1732.20,104.00,0.24
48500,29.12,173.56,0.06,1733.70,98.00,0.23
49000,29.12,173.40,0.06,1733.70,104.00,0.23
49500,29.12,173.18,0.06,1723.50,104.00,0.23
50000,29.19,173.45,0.06,1735.00,104.00,0.23
50500,29.19,173.62,0.06,1736.70,104.00,0.24
51000,29.19,173.89,0.06,1734.40,96.00,0.23
51500,29.12,173.67,0.06,1727.70,112.00,0.24
52000,29.19,173.96,0.06,1738.30,104.00,0.23
52500,29.19,174.16,0.06,1742.40,98.00,0.23
53000,29.12,174.21,0.06,1741.70,104.00,0.23
53500,29.12,172.18,0.06,1739.80,104.00,0.23
54000,29.12,173.83,0.06,1732.60,104.00,0.23
54500,29.19,174.08,0.06,1740.20,112.00,0.24
55000,29.19,173.58,0.06,1733.30,104.00,0.23
55500,29.19,174.67,0.06,1747.00,104.00,0.24
56000,29.19,174.81,0.06,1742.40,104.00,0.24
56500,29.19,174.95,0.06,1749.70,112.00,0.23
57000,29.25,173.99,0.06,1739.30,112.00,0.24
57500,29.25,172.71,0.06,1725.90,104.00,0.24
58000,29.25,173.88,0.06,1738.40,104.00,0.24
58500,29.19,171.54,0.06,1715.80,102.00,0.23
59000,29.25,170.33,0.06,1701.90,102.00,0.23
59500,29.25,172.08,0.06,1733.40,104.00,0.23
60000,29.25,171.96,0.06,1719.80,102.00,0.23
60500,29.25,168.81,0.06,1690.90,96.00,0.23
61000,29.25,168.11,0.06,1684.60,96.00,0.23
61500,29.25,172.68,0.06,1724.70,104.00,0.23
62000,29.31,168.37,0.06,1711.70,102.00,0.22
62500,29.25,173.72,0.06,1724.30,104.00,0.23
63000,29.31,175.07,0.06,1749.40,112.00,0.24
63500,29.25,172.64,0.06,1723.20,112.00,0.23
64000,29.31,171.99,0.06,1720.70,102.00,0.23
64500,29.31,171.12,0.06,1712.20,102.00,0.24
65000,29.31,174.86,0.06,1749.10,112.00,0.24
65500,29.37,170.75,0.06,1705.30,102.00,0.23
66000,29.37,170.93,0.06,1707.80,102.00,0.23
66500,29.37,170.89,0.06,1707.00,102.00,0.23
67000,29.37,173.74,0.06,1753.20,104.00,0.23
67500,29.44,174.77,0.06,1749.10,104.00,0.24
68000,29.44,175.25,0.06,1751.40,104.00,0.24
68500,29.44,174.18,0.06,1742.10,104.00,0.23
69000,29.44,175.09,0.06,1746.50,112.00,0.24
69500,29.50,174.89,0.06,1746.90,104.00,0.23
70000,29.50,175.62,0.06,1742.20,104.00,0.24
70500,29.50,175.28,0.06,1755.20,104.00,0.24
71000,29.50,175.93,0.06,1759.20,112.00,0.24
71500,29.50,175.67,0.06,1755.90,104.00,0.24
72000,29.50,175.79,0.06,1759.70,112.00,0.24
72500,29.56,175.86,0.06,1756.10,112.00,0.24
73000,29.56,176.12,0.06,1761.70,112.00,0.24
73500,29.56,176.45,0.06,1764.50,112.00,0.24
74000,29.56,176.00,0.06,1746.20,112.00,0.24
74500,29.62,176.15,0.06,1762.30,104.00,0.24
75000,29.62,176.38,0.06,1763.60,112.00,0.24
75500,29.62,176.39,0.06,1763.60,112.00,0.24
76000,29.62,176.33,0.06,1764.20,112.00,0.24
76500,29.62,176.56,0.06,1765.10,112.00,0.24
77000,29.69,176.62,0.06,1766.20,112.00,0.24
77500,29.69,176.62,0.06,1765.90,112.00,0.24
78000,29.75,176.97,0.06,1769.20,104.00,0.24
78500,29.75,175.93,0.06,1759.30,104.00,0.24
79000,29.75,176.90,0.06,1769.50,104.00,0.24
79500,29.75,176.88,0.06,1768.70,104.00,0.24
80000,29.81,176.44,0.06,1763.30,104.00,0.24
80500,29.81,176.75,0.06,1767.90,104.00,0.24
81000,29.81,176.64,0.06,1766.90,104.00,0.24
81500,29.81,176.93,0.06,1769.50,114.00,0.24
82000,29.81,176.93,0.06,1771.70,114.00,0.24
82500,29.87,175.70,0.06,1757.40,104.00,0.24
83000,29.87,177.32,0.06,1773.50,114.00,0.24
83500,29.87,177.22,0.06,1772.80,114.00,0.24
84000,29.87,177.08,0.06,1770.30,114.00,0.24
84500,29.87,177.45,0.06,1775.50,108.00,0.24
85000,29.87,177.87,0.06,1779.10,114.00,0.24
85500,29.94,177.91,0.07,1778.80,114.00,0.25
86000,29.87,175.98,0.06,1759.30,104.00,0.24
86500,29.94,177.96,0.06,1778.90,108.00,0.24
87000,29.94,175.29,0.06,1753.00,112.00,0.24
87500,29.94,175.93,0.06,1759.20,112.00,0.24
88000,29.94,176.53,0.06,1765.20,112.00,0.24
88500,29.94,176.47,0.06,1764.60,112.00,0.24
89000,30.00,176.57,0.06,1766.00,104.00,0.24
89500,30.00,177.00,0.06,1774.60,114.00,0.24
90000,30.00,176.57,0.06,1761.90,104.00,0.24
90500,30.00,177.80,0.06,1780.40,114.00,0.24
91000,30.06,178.25,0.06,1782.20,114.00,0.24
91500,30.06,176.99,0.06,1769.80,112.00,0.24
92000,30.06,176.41,0.06,1764.60,104.00,0.24
92500,30.00,176.61,0.06,1766.60,104.00,0.24
93000,30.00,176.26,0.06,1762.60,104.00,0.24
93500,30.00,179.13,0.06,1774.90,108.00,0.24
94000,30.06,174.61,0.06,1745.50,104.00,0.24
94500,30.06,177.06,0.06,1770.10,114.00,0.24
95000,30.06,177.13,0.06,1768.30,114.00,0.24
95500,30.06,175.95,0.06,1759.40,112.00,0.24
96000,30.06,176.31,0.06,1762.50,112.00,0.24
96500,30.06,176.34,0.06,1763.10,104.00,0.24
97000,30.06,177.09,0.06,1770.60,114.00,0.24
97500,30.06,177.34,0.06,1773.40,114.00,0.24
98000,30.12,177.12,0.06,1771.70,114.00,0.24
98500,30.12,176.01,0.06,1758.10,104.00,0.24
99000,30.12,179.29,0.06,1791.90,114.00,0.24
99500,30.12,179.42,0.07,1793.90,114.00,0.25
100000,30.12,178.74,0.06,1787.00,114.00,0.24
100500,30.12,178.90,0.06,1789.00,114.00,0.24
101000,30.19,178.85,0.06,1792.80,114.00,0.24
101500,30.19,179.11,0.06,1791.30,114.00,0.24
102000,30.19,178.74,0.06,1788.00,114.00,0.24
102500,30.25,178.36,0.06,1783.40,114.00,0.24
103000,30.25,178.19,0.06,1780.80,114.00,0.24
103500,30.25,178.29,0.06,1785.90,114.00,0.24
104000,30.25,178.62,0.06,1786.90,114.00,0.24
104500,30.25,178.95,0.06,1789.40,108.00,0.24
105000,30.25,178.80,0.07,1787.70,114.00,0.25
105500,30.31,178.72,0.06,1787.10,114.00,0.24
106000,30.31,178.79,0.06,1788.30,114.00,0.24
106500,30.31,179.13,0.06,1790.90,114.00,0.24
107000,30.31,178.26,0.06,1782.30,114.00,0.24
107500,30.31,179.27,0.06,1791.90,114.00,0.24
108000,30.37,177.36,0.06,1774.20,114.00,0.24
108500,30.37,178.70,0.06,1789.90,114.00,0.24
109000,30.37,177.53,0.06,1774.50,114.00,0.24
109500,30.37,177.97,0.06,1779.20,114.00,0.24
110000,30.37,176.96,0.06,1764.70,114.00,0.24
110500,30.37,177.44,0.06,1773.10,114.00,0.24
111000,30.37,178.70,0.06,1786.70,114.00,0.24
111500,30.44,177.26,0.06,1772.40,114.00,0.24
112000,30.44,180.88,0.06,1817.60,118.00,0.24
112500,30.44,180.14,0.06,1801.60,114.00,0.24
113000,30.44,180.36,0.06,1803.80,114.00,0.24
113500,30.44,180.14,0.07,1800.90,114.00,0.25
114000,30.44,180.75,0.06,1808.30,124.00,0.24
114500,30.44,180.47,0.06,1806.50,114.00,0.24
115000,30.50,181.00,0.06,1810.50,114.00,0.25
115500,30.50,180.84,0.06,1808.50,124.00,0.24
116000,30.50,181.02,0.06,1810.10,114.00,0.25
116500,30.50,180.43,0.06,1806.40,114.00,0.24
117000,30.56,181.10,0.06,1810.40,114.00,0.25
117500,30.56,181.09,0.06,1812.10,114.00,0.25
118000,30.56,181.20,0.07,1812.00,114.00,0.25
118500,30.56,181.14,0.06,1811.50,114.00,0.25
119000,30.56,180.08,0.06,1803.70,114.00,0.24
119500,30.56,181.04,0.06,1810.40,124.00,0.25
120000,30.62,180.78,0.06,1808.00,114.00,0.24
120500,30.62,180.54,0.06,1802.90,114.00,0.24
121000,30.62,179.04,0.06,1798.80,108.00,0.24
121500,30.62,180.69,0.06,1806.70,114.00,0.24
122000,30.69,179.78,0.06,1797.30,114.00,0.24
122500,30.62,179.01,0.06,1792.60,114.00,0.24
123000,30.69,177.38,0.06,1776.80,108.00,0.24
123500,30.69,177.40,0.06,1788.90,122.00,0.24
124000,30.75,177.13,0.06,1771.20,104.00,0.24
124500,30.75,176.48,0.06,1763.60,104.00,0.24
125000,30.75,176.04,0.06,1762.40,104.00,0.24
125500,30.81,177.09,0.06,1762.40,114.00,0.24
126000,30.81,178.34,0.06,1782.10,114.00,0.24
126500,30.87,179.23,0.06,1789.90,114.00,0.24
127000,30.81,171.97,0.06,1719.00,112.00,0.23
127500,30.87,182.05,0.07,1819.80,118.00,0.25
128000,30.87,183.27,0.07,1833.20,124.00,0.25
128500,30.87,183.05,0.06,1834.50,124.00,0.25
129000,30.87,183.84,0.07,1839.00,124.00,0.25
129500,30.94,182.83,0.06,1827.90,118.00,0.25
130000,30.94,183.03,0.07,1831.10,118.00,0.25
130500,30.94,183.06,0.06,1838.30,124.00,0.25
131000,30.94,183.75,0.07,1835.50,124.00,0.25
131500,30.94,182.65,0.07,1825.60,124.00,0.25
132000,30.94,183.03,0.06,1830.60,118.00,0.25
132500,30.94,183.13,0.06,1830.00,124.00,0.25
133000,31.00,182.34,0.07,1823.00,118.00,0.25
133500,31.00,182.48,0.07,1824.80,118.00,0.25
134000,31.00,182.28,0.06,1823.10,118.00,0.25
134500,31.00,182.59,0.07,1826.00,118.00,0.25
135000,31.00,182.19,0.06,1822.50,118.00,0.25
135500,31.00,182.82,0.06,1827.90,124.00,0.25
136000,31.06,182.62,0.06,1825.30,118.00,0.25
136500,31.00,182.44,0.07,1825.10,124.00,0.25
137000,31.06,182.51,0.06,1824.80,118.00,0.25
137500,31.06,182.87,0.07,1828.00,118.00,0.25
138000,31.06,182.56,0.07,1824.40,118.00,0.25
138500,31.12,183.18,0.06,1829.80,118.00,0.25
139000,31.06,183.15,0.06,1831.10,124.00,0.25
139500,31.12,183.20,0.06,1830.30,118.00,0.25
140000,31.12,181.26,0.07,1814.30,114.00,0.25
140500,31.12,183.44,0.07,1836.10,124.00,0.25
141000,31.19,183.51,0.07,1835.70,118.00,0.25
141500,31.19,185.40,0.06,1855.20,124.00,0.25
142000,31.19,183.59,0.06,1849.00,124.00,0.25
142500,31.19,185.24,0.06,1852.20,118.00,0.25
143000,31.19,183.99,0.06,1837.50,118.00,0.25
143500,31.19,185.82,0.07,1858.00,128.00,0.25
144000,31.19,185.61,0.07,1854.20,118.00,0.25
144500,31.19,185.50,0.07,1853.90,118.00,0.25
145000,31.19,186.09,0.06,1856.20,124.00,0.25
145500,31.19,185.55,0.07,1857.00,128.00,0.25
146000,31.19,186.39,0.07,1857.90,128.00,0.25
146500,31.19,186.24,0.07,1861.50,128.00,0.25
147000,31.25,185.55,0.07,1861.90,118.00,0.25
147500,31.25,186.07,0.07,1861.20,128.00,0.25
148000,31.19,185.84,0.07,1860.00,128.00,0.25
148500,31.25,186.19,0.07,1861.30,128.00,0.25
149000,31.25,184.36,0.06,1845.40,124.00,0.25
149500,31.25,185.74,0.07,1857.20,118.00,0.25
150000,31.25,185.99,0.07,1858.00,134.00,0.25
150500,31.25,185.94,0.07,1859.80,134.00,0.25
151000,31.31,186.05,0.07,1862.20,128.00,0.25
151500,31.31,186.21,0.07,1862.50,128.00,0.25
152000,31.31,186.00,0.06,1862.30,118.00,0.25
152500,31.31,185.91,0.07,1860.90,128.00,0.25
153000,31.31,186.09,0.07,1860.60,118.00,0.25
153500,31.31,186.22,0.07,1862.10,128.00,0.25
154000,31.31,186.40,0.07,1863.00,128.00,0.25
154500,31.31,186.12,0.07,1861.50,128.00,0.25
155000,31.31,185.08,0.07,1860.50,118.00,0.25
155500,31.37,184.90,0.07,1855.90,128.00,0.25
156000,31.37,184.46,0.07,1845.20,118.00,0.25
156500,31.37,185.31,0.07,1853.20,124.00,0.25
157000,31.37,183.84,0.07,1835.90,118.00,0.25
157500,31.37,184.92,0.07,1850.30,118.00,0.25
158000,31.37,185.07,0.07,1850.60,124.00,0.25
158500,31.44,184.75,0.06,1848.00,118.00,0.25
159000,31.37,184.32,0.06,1838.20,118.00,0.25
159500,31.44,184.81,0.07,1848.20,124.00,0.25
160000,31.44,184.77,0.07,1847.60,124.00,0.25
160500,31.44,184.94,0.07,1853.80,124.00,0.25
161000,31.44,184.66,0.07,1847.60,124.00,0.25
161500,31.44,184.69,0.07,1846.70,124.00,0.25
162000,31.44,184.20,0.07,1842.20,118.00,0.25
162500,31.50,184.77,0.06,1847.00,124.00,0.25
163000,31.50,185.47,0.07,1845.40,124.00,0.25
163500,31.50,184.12,0.07,1841.90,118.00,0.25
164000,31.50,184.24,0.06,1852.90,124.00,0.25
164500,31.50,184.28,0.07,1843.50,118.00,0.25
165000,31.50,183.68,0.07,1836.80,124.00,0.25
165500,31.56,184.71,0.06,1846.50,124.00,0.25
166000,31.56,184.68,0.07,1846.80,124.00,0.25
166500,31.56,184.17,0.06,1840.40,118.00,0.25
167000,31.56,183.94,0.07,1839.20,118.00,0.25
167500,31.62,184.33,0.07,1845.50,124.00,0.25
168000,31.62,184.59,0.07,1845.70,124.00,0.25
168500,31.62,184.41,0.07,1844.10,118.00,0.25
169000,31.62,185.61,0.07,1857.50,134.00,0.25
169500,31.62,184.42,0.06,1844.30,124.00,0.25
170000,31.69,183.80,0.07,1844.50,124.00,0.25
170500,31.69,184.13,0.07,1839.80,118.00,0.25
171000,31.69,184.15,0.07,1842.10,124.00,0.25
171500,31.75,184.33,0.06,1844.90,124.00,0.25
172000,31.69,183.99,0.06,1840.80,118.00,0.25
172500,31.75,183.66,0.07,1836.20,124.00,0.25
173000,31.75,186.55,0.07,1860.60,128.00,0.25
173500,31.81,185.70,0.07,1862.50,128.00,0.25
174000,31.81,185.10,0.07,1848.20,124.00,0.25
174500,31.81,184.83,0.07,1867.80,128.00,0.25
175000,31.81,184.19,0.07,1843.40,118.00,0.25
175500,31.87,183.88,0.06,1842.80,124.00,0.25
176000,31.87,184.20,0.07,1842.10,124.00,0.25
176500,31.87,183.48,0.07,1835.10,118.00,0.25
177000,31.87,184.33,0.07,1833.90,124.00,0.25
177500,31.94,183.55,0.07,1834.40,124.00,0.25
178000,31.94,183.75,0.07,1836.10,124.00,0.25
178500,31.94,183.09,0.06,1831.60,118.00,0.25
179000,31.94,182.76,0.06,1836.80,124.00,0.25
179500,31.94,185.14,0.07,1850.80,118.00,0.25
180000,31.94,186.55,0.07,1862.40,128.00,0.25
180500,32.00,186.77,0.06,1865.20,128.00,0.25
181000,32.00,183.71,0.07,1835.70,124.00,0.25
181500,32.00,183.76,0.07,1852.90,124.00,0.25
182000,32.00,184.51,0.07,1845.40,124.00,0.25
182500,32.06,184.10,0.06,1841.10,118.00,0.25
183000,32.06,182.98,0.06,1832.10,118.00,0.25
183500,32.06,183.05,0.07,1835.50,118.00,0.25
184000,32.13,184.19,0.07,1841.70,124.00,0.25
184500,32.13,183.17,0.07,1833.40,118.00,0.25
185000,32.13,183.24,0.07,1828.50,124.00,0.25
185500,32.13,183.37,0.06,1832.00,118.00,0.25
186000,32.13,183.56,0.06,1842.30,124.00,0.25
186500,32.13,183.63,0.07,1835.00,124.00,0.25
187000,32.13,183.17,0.07,1832.10,118.00,0.25
187500,32.13,184.45,0.06,1842.60,124.00,0.25
188000,32.13,182.68,0.07,1826.90,118.00,0.25
188500,32.19,183.34,0.07,1831.70,124.00,0.25
189000,32.19,183.72,0.07,1837.40,118.00,0.25
189500,32.19,183.44,0.06,1834.50,124.00,0.25
190000,32.19,183.34,0.07,1835.20,124.00,0.25
190500,32.19,182.89,0.06,1828.10,118.00,0.25
191000,32.25,182.54,0.06,1824.70,124.00,0.25
191500,32.25,184.39,0.06,1844.10,124.00,0.25
192000,32.25,181.98,0.06,1820.20,118.00,0.25
192500,32.25,183.02,0.07,1831.40,118.00,0.25
193000,32.25,181.60,0.07,1816.50,124.00,0.25
193500,32.31,183.59,0.06,1837.50,124.00,0.25
194000,32.31,181.76,0.06,1817.50,124.00,0.25
194500,32.38,180.23,0.06,1802.60,114.00,0.24
195000,32.38,178.29,0.06,1780.80,114.00,0.24
195500,32.38,179.98,0.06,1795.40,122.00,0.24
196000,32.38,181.43,0.07,1811.60,114.00,0.25
196500,32.38,182.55,0.07,1825.00,118.00,0.25
197000,32.44,183.34,0.07,1833.40,124.00,0.25
197500,32.44,183.47,0.07,1834.00,118.00,0.25
198000,32.44,183.02,0.06,1829.70,118.00,0.25
198500,32.50,181.66,0.07,1818.80,118.00,0.25
199000,32.50,179.78,0.06,1797.50,114.00,0.24
199500,32.50,181.24,0.06,1817.50,124.00,0.25
200000,32.56,180.17,0.07,1802.30,114.00,0.25
200500,32.56,180.12,0.06,1798.40,122.00,0.24
201000,32.50,182.72,0.06,1819.80,124.00,0.25
201500,32.50,181.91,0.06,1800.40,122.00,0.25
202000,32.50,178.63,0.06,1787.70,114.00,0.24
202500,32.50,177.71,0.06,1776.60,108.00,0.24
203000,32.50,178.91,0.06,1784.70,114.00,0.24
203500,32.50,181.68,0.07,1812.50,114.00,0.25
204000,32.56,182.52,0.06,1823.80,124.00,0.25
204500,32.56,183.65,0.07,1835.50,118.00,0.25
205000,32.56,180.65,0.07,1805.20,114.00,0.25
205500,32.63,181.19,0.06,1814.60,124.00,0.25
206000,32.63,183.76,0.07,1835.00,124.00,0.25
206500,32.63,182.06,0.06,1819.40,124.00,0.25
207000,32.69,185.26,0.07,1862.90,128.00,0.25
207500,32.69,186.22,0.07,1836.00,118.00,0.25
208000,32.69,183.79,0.06,1840.90,118.00,0.25
208500,32.69,184.16,0.07,1843.70,118.00,0.25
209000,32.75,184.37,0.07,1844.40,124.00,0.25
209500,32.75,183.76,0.07,1838.20,118.00,0.25
210000,32.75,183.32,0.07,1833.60,124.00,0.25
210500,32.75,184.04,0.07,1839.60,124.00,0.25
211000,32.81,183.84,0.07,1838.90,118.00,0.25
211500,32.75,182.94,0.07,1829.60,118.00,0.25
212000,32.75,182.85,0.07,1828.10,118.00,0.25
212500,32.75,182.06,0.07,1819.10,124.00,0.25
213000,32.81,189.58,0.06,1895.50,128.00,0.25
213500,32.81,189.02,0.07,1889.90,128.00,0.26
214000,32.88,182.35,0.07,1822.40,118.00,0.25
214500,32.88,181.54,0.06,1817.80,118.00,0.25
215000,32.88,180.78,0.06,1809.60,114.00,0.24
215500,32.88,180.91,0.07,1808.30,114.00,0.25
216000,32.94,182.55,0.06,1826.00,124.00,0.25
216500,32.94,182.91,0.06,1827.90,124.00,0.25
217000,32.94,184.64,0.06,1849.40,118.00,0.25
217500,32.88,185.64,0.06,1856.90,128.00,0.25
218000,32.94,185.18,0.07,1851.60,124.00,0.25
218500,32.94,185.05,0.07,1850.00,124.00,0.25
219000,32.94,184.86,0.07,1846.00,124.00,0.25
219500,32.94,185.86,0.07,1857.10,118.00,0.25
220000,32.94,185.64,0.07,1855.30,128.00,0.25
220500,32.94,185.51,0.06,1856.00,128.00,0.25
221000,32.94,185.95,0.07,1859.90,128.00,0.25
221500,33.00,186.00,0.06,1859.10,128.00,0.25
222000,33.00,186.44,0.07,1864.20,128.00,0.25
222500,32.94,185.54,0.07,1854.90,124.00,0.25
223000,33.00,186.54,0.07,1865.20,118.00,0.25
223500,33.00,185.86,0.07,1860.00,128.00,0.25
224000,33.00,186.72,0.07,1860.80,128.00,0.25
224500,33.06,185.18,0.07,1854.00,124.00,0.25
225000,33.06,0.02,3.99,0.00,0.00,3.99
225500,33.06,0.00,3.99,-0.30,0.00,3.99
226000,33.13,0.00,3.99,-0.20,0.00,3.99
226500,33.13,0.01,3.98,-0.40,0.00,3.98
227000,33.13,-0.01,3.99,-0.10,0.00,3.99
227500,33.13,-0.02,3.98,0.10,0.00,3.98
228000,33.13,0.00,3.99,-0.20,0.00,3.99
228500,33.19,-0.02,3.99,0.10,0.00,3.99
229000,33.19,0.00,3.99,-0.20,0.00,3.99
229500,33.19,-0.01,3.98,0.00,0.00,3.98
230000,33.25,0.00,3.98,-0.10,0.00,3.98
230500,33.25,0.01,3.99,0.00,0.00,3.99
231000,33.31,0.00,3.99,-0.10,0.00,3.99
231500,33.31,-0.01,3.99,-0.10,0.00,3.99
232000,33.31,0.01,3.99,0.10,0.00,3.99
232500,33.31,0.00,3.99,-0.10,0.00,3.99
233000,33.38,-0.03,3.98,-0.10,0.00,3.98
233500,33.38,-0.03,3.99,-0.20,0.00,3.99
234000,33.38,-0.03,3.98,-0.20,0.00,3.98
234500,33.44,-0.01,3.99,-0.10,0.00,3.99
235000,33.44,-0.01,3.98,-0.40,0.00,3.98
235500,33.44,-0.04,3.98,0.10,0.00,3.98
236000,33.50,0.00,3.99,-0.30,0.00,3.99
236500,33.50,-0.01,3.99,-0.30,0.00,3.99
237000,33.50,-0.02,3.98,-0.20,0.00,3.98
237500,33.50,-0.02,3.98,0.00,0.00,3.98
238000,33.50,-0.02,3.99,-0.20,0.00,3.99
238500,33.50,-0.03,3.99,-0.10,0.00,3.99
239000,33.56,-0.02,3.99,-0.10,0.00,3.99
239500,33.56,-0.01,3.98,-0.20,0.00,3.98
240000,33.63,-0.01,3.98,-0.30,0.00,3.98
240500,33.63,-0.03,3.99,-0.10,0.00,3.99
241000,33.63,-0.02,3.98,0.00,0.00,3.98
241500,33.63,-0.01,3.98,-0.20,0.00,3.98
242000,33.63,-0.01,3.99,-0.10,0.00,3.99
242500,33.69,-0.02,3.99,-0.20,0.00,3.99
243000,33.69,-0.03,3.98,-0.20,0.00,3.98
243500,33.69,-0.03,3.99,-0.20,0.00,3.99
244000,33.75,-0.01,3.99,0.00,0.00,3.99
244500,33.75,-0.01,3.99,-0.20,0.00,3.99
245000,33.75,-0.01,3.98,-0.20,0.00,3.98
245500,33.75,0.01,3.99,0.10,0.00,3.99
246000,33.75,0.00,3.98,-0.40,0.00,3.98
246500,33.75,0.00,3.98,-0.20,0.00,3.98
247000,33.69,-0.02,3.99,-0.50,4.00,3.99
247500,33.69,-0.03,3.98,-0.10,0.00,3.98
248000,33.69,0.00,3.99,-0.20,0.00,3.99
248500,33.75,-0.03,3.98,-0.20,0.00,3.98
249000,33.75,-0.04,3.98,0.10,0.00,3.98
249500,33.81,-0.01,3.98,-0.10,0.00,3.98
250000,33.81,0.01,3.99,0.00,0.00,3.99
250500,33.81,-0.03,3.98,0.00,0.00,3.98
251000,33.81,-0.03,3.99,0.00,0.00,3.99
251500,33.81,-0.03,3.99,-0.20,0.00,3.99
252000,33.81,-0.02,3.98,-0.20,0.00,3.98
252500,33.81,0.00,3.98,0.00,0.00,3.98
253000,33.81,0.01,3.98,-0.20,0.00,3.98
253500,33.81,-0.02,3.98,-0.10,0.00,3.98
254000,33.88,0.00,3.99,-0.40,0.00,3.99
254500,33.88,-0.01,3.98,-0.20,0.00,3.98
255000,33.88,-0.01,3.98,-0.10,0.00,3.98
255500,33.88,-0.01,3.98,-0.10,0.00,3.98
256000,33.94,-0.02,3.99,0.10,0.00,3.99
256500,33.94,0.00,3.98,-0.30,0.00,3.98
257000,33.94,0.00,3.99,0.00,0.00,3.99
257500,33.94,-0.03,3.98,-0.10,0.00,3.98
258000,33.94,-0.01,3.98,-0.30,0.00,3.98
258500,34.00,-0.02,3.99,0.10,0.00,3.99
259000,34.00,-0.02,3.99,-0.40,0.00,3.99
259500,34.00,0.00,3.98,-0.10,0.00,3.98
260000,34.00,-0.02,3.98,-0.30,0.00,3.98
260500,34.00,0.00,3.99,-0.20,0.00,3.99
261000,34.06,0.02,3.98,0.00,0.00,3.98
261500,34.06,0.00,3.99,0.10,0.00,3.99
262000,34.06,-0.03,3.98,-0.10,0.00,3.98
262500,34.06,-0.01,3.99,0.00,0.00,3.99
263000,34.06,-0.02,3.99,-0.10,0.00,3.99
263500,34.13,-0.01,3.98,0.10,0.00,3.98
264000,34.13,0.00,3.99,-0.20,0.00,3.99
264500,34.13,-0.03,3.98,-0.10,0.00,3.98
265000,34.13,-0.01,3.99,-0.30,0.00,3.99
265500,34.13,0.01,3.98,-0.20,0.00,3.98
266000,34.19,-0.03,3.98,-0.10,0.00,3.98
266500,34.19,-0.02,3.99,0.00,0.00,3.99
267000,34.19,-0.02,3.98,-0.10,0.00,3.98
267500,34.19,-0.02,3.99,0.00,0.00,3.99
268000,34.19,-0.02,3.98,-0.20,0.00,3.98
268500,34.19,0.00,3.98,-0.10,0.00,3.98
269000,34.25,-0.03,3.99,-0.30,0.00,3.99
269500,34.19,-0.01,3.98,0.10,0.00,3.98
270000,34.25,-0.03,3.99,-0.40,0.00,3.99
270500,34.25,-0.01,3.98,-0.20,0.00,3.98
271000,34.25,-0.05,3.99,-0.30,0.00,3.99
271500,34.25,0.01,3.99,0.00,0.00,3.99
272000,34.31,0.02,3.99,-0.10,0.00,3.99
272500,34.25,-0.02,3.99,-0.10,0.00,3.99
273000,34.25,-0.01,3.99,0.00,0.00,3.99
273500,34.31,-0.03,3.98,-0.20,0.00,3.98
274000,34.31,-0.02,3.98,-0.10,0.00,3.98
274500,34.31,0.00,3.99,0.00,0.00,3.99
275000,34.25,0.00,3.98,-0.40,0.00,3.98
275500,34.25,-0.03,3.98,-0.10,0.00,3.98
276000,34.19,0.00,3.99,-0.20,0.00,3.99
276500,34.19,-0.01,3.98,-0.10,0.00,3.98
277000,34.19,0.00,3.99,-0.10,0.00,3.99
277500,34.19,0.00,3.98,-0.20,0.00,3.98
278000,34.19,-0.02,3.99,-0.10,0.00,3.99
278500,34.19,-0.03,3.99,-0.10,0.00,3.99
279000,34.25,-0.03,3.99,-0.20,0.00,3.99
279500,34.25,-0.01,3.98,-0.10,0.00,3.98
280000,34.25,-0.01,3.98,0.10,0.00,3.98
280500,34.25,0.01,3.98,-0.30,0.00,3.98
281000,34.31,-0.03,3.98,-0.20,0.00,3.98
281500,34.31,-0.02,3.98,-0.30,0.00,3.98
282000,34.31,-0.03,3.98,0.00,0.00,3.98
282500,34.31,-0.01,3.99,0.00,0.00,3.99
283000,34.31,0.00,3.99,-0.10,0.00,3.99
283500,34.31,0.01,3.98,-0.20,0.00,3.98
284000,34.31,-0.03,3.98,-0.10,0.00,3.98
284500,34.31,0.00,3.99,-0.30,0.00,3.99
285000,34.31,-0.01,3.98,0.10,0.00,3.98
285500,34.31,-0.02,3.99,-0.20,0.00,3.99
286000,34.31,-0.01,3.99,-0.10,0.00,3.99
286500,34.38,-0.03,3.99,-0.10,0.00,3.99
287000,34.38,-0.03,3.98,-0.40,0.00,3.98
287500,34.31,-0.02,3.98,-0.20,0.00,3.98
288000,34.31,0.00,3.98,0.00,0.00,3.98
288500,34.31,0.01,3.98,-0.40,0.00,3.98
289000,34.31,-0.01,3.98,0.10,0.00,3.98
289500,34.31,-0.02,3.99,0.00,0.00,3.99
290000,34.31,-0.03,3.99,-0.10,0.00,3.99
290500,34.31,-0.01,3.98,0.00,0.00,3.98
291000,34.31,-0.01,3.98,-0.20,0.00,3.98
291500,34.31,-0.03,3.98,-0.10,0.00,3.98
292000,34.31,-0.01,3.99,0.00,0.00,3.99
292500,34.31,0.00,3.99,0.00,0.00,3.99
293000,34.31,-0.01,3.99,-0.10,0.00,3.99
293500,34.31,-0.02,3.99,-0.30,0.00,3.99
294000,34.38,0.00,3.98,0.00,0.00,3.98
294500,34.38,-0.01,3.98,-0.10,4.00,3.98
295000,34.38,-0.04,3.99,-0.10,0.00,3.99
295500,34.31,-0.02,3.98,-0.10,0.00,3.98
296000,34.31,0.00,3.98,0.10,0.00,3.98
296500,34.38,0.01,3.98,0.00,0.00,3.98
297000,34.38,-0.02,3.99,0.00,0.00,3.99
297500,34.38,-0.02,3.98,-0.30,0.00,3.98
298000,34.31,-0.02,3.98,-0.10,0.00,3.98
298500,34.38,-0.01,3.98,-0.20,0.00,3.98
299000,34.31,-0.01,3.98,0.00,0.00,3.98
299500,34.38,-0.01,3.98,-0.30,0.00,3.98
300000,34.38,-0.01,3.99,-0.20,0.00,3.99
300500,34.31,-0.01,3.98,0.00,0.00,3.98
301000,34.38,-0.01,3.98,-0.10,0.00,3.98
301500,34.38,-0.01,3.99,-0.10,0.00,3.99
302000,34.38,0.01,3.98,0.10,0.00,3.98
302500,34.38,0.02,3.99,-0.20,0.00,3.99
303000,34.38,0.00,3.98,-0.30,0.00,3.98
303500,34.38,0.01,3.98,-0.10,0.00,3.98
304000,34.44,-0.02,3.99,0.00,0.00,3.99
304500,34.38,0.00,3.98,-0.10,0.00,3.98
305000,34.44,-0.03,3.98,-0.30,0.00,3.98
305500,34.38,-0.01,3.98,-0.10,0.00,3.98
306000,34.44,-0.01,3.98,0.10,0.00,3.98
306500,34.38,0.00,3.98,0.00,0.00,3.98
307000,34.38,0.00,3.98,-0.10,0.00,3.98
307500,34.38,-0.02,3.98,-0.20,0.00,3.98
308000,34.38,-0.02,3.98,-0.10,0.00,3.98
308500,34.44,-0.03,3.98,-0.30,0.00,3.98
309000,34.44,-0.02,3.98,-0.10,0.00,3.98
309500,34.44,-0.04,3.98,-0.10,0.00,3.98
310000,34.44,0.00,3.99,-0.10,0.00,3.99
310500,34.44,-0.04,3.98,-0.20,0.00,3.98
311000,34.50,0.00,3.98,0.00,0.00,3.98
311500,34.50,-0.02,3.99,-0.10,0.00,3.99
312000,34.44,-0.02,3.98,0.00,0.00,3.98
312500,34.44,0.01,3.99,0.00,0.00,3.99
313000,34.44,0.01,3.98,0.00,0.00,3.98
313500,34.44,0.00,3.99,0.00,0.00,3.99
314000,34.50,-0.02,3.98,-0.10,0.00,3.98
314500,34.44,-0.01,3.98,0.00,0.00,3.98
315000,34.44,-0.03,3.98,-0.40,0.00,3.98
315500,34.44,-0.02,3.98,-0.50,0.00,3.98
316000,34.44,-0.02,3.98,-0.30,0.00,3.98
316500,34.50,-0.02,3.98,0.00,0.00,3.98
317000,34.44,0.01,3.99,0.00,0.00,3.99
317500,34.44,0.00,3.99,-0.20,0.00,3.99
318000,34.44,-0.01,3.98,-0.30,0.00,3.98
318500,34.44,0.00,3.99,-0.20,0.00,3.99
319000,34.44,-0.02,3.98,-0.10,0.00,3.98
319500,34.38,0.01,3.98,0.00,0.00,3.98
320000,34.44,-0.01,3.98,-0.10,0.00,3.98
320500,34.44,-0.02,3.99,-0.10,0.00,3.99
321000,34.44,-0.01,3.98,0.00,0.00,3.98
321500,34.44,-0.02,3.99,0.00,0.00,3.99
322000,34.38,-0.01,3.98,-0.20,0.00,3.98
322500,34.44,-0.01,3.98,-0.20,0.00,3.98
323000,34.38,-0.02,3.98,-0.20,0.00,3.98
323500,34.44,0.00,3.99,0.10,0.00,3.99
324000,34.44,-0.04,3.98,-0.20,0.00,3.98
324500,34.44,0.02,3.98,-0.30,0.00,3.98
325000,34.44,-0.02,3.98,-0.10,0.00,3.98
325500,34.44,0.00,3.99,-0.20,0.00,3.99
326000,34.44,0.00,3.98,0.00,0.00,3.98
326500,34.44,-0.02,3.98,0.10,0.00,3.98
327000,34.38,0.02,3.98,-0.20,0.00,3.98
327500,34.44,-0.01,3.99,-0.10,0.00,3.99
328000,34.44,0.00,3.98,-0.10,0.00,3.98
328500,34.44,-0.02,3.98,-0.30,0.00,3.98
329000,34.44,-0.04,3.99,0.00,0.00,3.99
329500,34.44,-0.03,3.98,0.10,0.00,3.98
330000,34.44,0.00,3.98,-0.10,0.00,3.98
330500,34.50,-0.01,3.98,-0.20,0.00,3.98
331000,34.50,-0.02,3.98,0.00,0.00,3.98
331500,34.50,-0.01,3.98,-0.10,0.00,3.98
332000,34.50,-0.03,3.98,-0.10,0.00,3.98
332500,34.50,-0.02,3.98,-0.20,0.00,3.98
333000,34.50,-0.02,3.98,0.00,0.00,3.98
333500,34.50,-0.04,3.98,0.10,0.00,3.98
334000,34.50,-0.02,3.99,-0.40,0.00,3.99
334500,34.50,-0.02,3.98,0.00,0.00,3.98
335000,34.50,-0.02,3.98,-0.10,0.00,3.98
335500,34.50,0.00,3.98,0.00,0.00,3.98
336000,34.50,0.00,3.98,-0.10,0.00,3.98
336500,34.50,-0.03,3.98,0.00,0.00,3.98
337000,34.50,-0.02,3.98,-0.20,0.00,3.98
337500,34.50,0.00,3.98,-0.20,0.00,3.98
338000,34.44,-0.02,3.99,-0.20,0.00,3.99
338500,34.50,-0.03,3.98,-0.10,0.00,3.98
339000,34.50,-0.03,3.98,0.00,0.00,3.98
339500,34.50,-0.02,3.98,-0.10,0.00,3.98
340000,34.56,0.00,3.98,-0.10,0.00,3.98
340500,34.50,-0.01,3.98,-0.10,0.00,3.98
341000,34.56,-0.02,3.98,0.00,0.00,3.98
341500,34.50,-0.04,3.99,-0.30,0.00,3.99
342000,34.56,0.01,3.98,0.10,0.00,3.98
342500,34.56,-0.02,3.98,0.00,0.00,3.98
343000,34.56,0.01,3.98,-0.20,0.00,3.98
343500,34.56,-0.01,3.99,-0.10,0.00,3.99
344000,34.56,-0.01,3.98,0.00,0.00,3.98
344500,34.50,-0.01,3.98,-0.10,0.00,3.98
345000,34.56,-0.04,3.98,-0.20,0.00,3.98
345500,34.50,-0.02,3.98,-0.10,0.00,3.98
346000,34.50,0.01,3.98,-0.20,0.00,3.98
346500,34.50,-0.03,3.98,-0.10,0.00,3.98
347000,34.50,-0.02,3.98,0.00,0.00,3.98
347500,34.50,-0.01,3.98,0.10,0.00,3.98
348000,34.50,-0.02,3.99,0.10,0.00,3.99
348500,34.50,-0.01,3.98,-0.40,0.00,3.98
349000,34.50,0.00,3.99,-0.20,0.00,3.99
349500,34.50,-0.02,3.98,-0.10,0.00,3.98
350000,34.50,0.01,3.99,-0.10,0.00,3.99
350500,34.50,0.00,3.98,0.00,0.00,3.98
351000,34.50,-0.03,3.99,0.00,0.00,3.99
351500,34.50,-0.03,3.98,-0.20,0.00,3.98
352000,34.50,-0.02,3.98,-0.10,0.00,3.98
352500,34.50,-0.01,3.98,-0.40,0.00,3.98
353000,34.50,-0.01,3.99,-0.10,0.00,3.99
353500,34.50,0.01,3.98,-0.30,0.00,3.98
354000,34.50,-0.02,3.98,-0.10,0.00,3.98
354500,34.50,-0.02,3.98,-0.10,0.00,3.98
355000,34.56,-0.03,3.99,-0.10,0.00,3.99
355500,34.56,-0.01,3.99,-0.10,0.00,3.99
356000,34.56,-0.03,3.99,-0.10,0.00,3.99
356500,34.56,-0.02,3.98,0.00,0.00,3.98
357000,34.50,-0.01,3.99,-0.20,0.00,3.99
357500,34.50,0.02,3.98,0.00,0.00,3.98
358000,34.50,-0.03,3.99,0.00,0.00,3.99
358500,34.50,-0.01,3.98,-0.20,0.00,3.98
359000,34.50,-0.03,3.98,-0.10,0.00,3.98
359500,34.50,0.00,3.98,-0.10,0.00,3.98
360000,34.50,-0.02,3.99,0.10,0.00,3.99
360500,34.50,0.00,3.98,-0.10,0.00,3.98
361000,34.50,-0.01,3.98,-0.20,0.00,3.98
361500,34.50,0.01,3.98,-0.10,0.00,3.98
362000,34.50,0.00,3.98,-0.10,0.00,3.98
362500,34.50,-0.01,3.98,-0.10,0.00,3.98
363000,34.50,0.00,3.98,-0.20,0.00,3.98
363500,34.50,-0.02,3.98,0.00,0.00,3.98
364000,34.50,-0.02,3.99,-0.20,0.00,3.99
364500,34.50,0.00,3.98,-0.10,0.00,3.98
365000,34.50,0.01,3.98,0.00,0.00,3.98
365500,34.50,0.00,3.98,0.10,0.00,3.98
366000,34.50,0.01,3.99,-0.10,0.00,3.99
366500,34.50,0.00,3.98,0.00,0.00,3.98
367000,34.56,-0.04,3.98,-0.20,0.00,3.98
367500,34.50,-0.02,3.98,-0.10,0.00,3.98
368000,34.50,-0.02,3.98,0.10,0.00,3.98
368500,34.50,-0.03,3.99,-0.20,0.00,3.99
369000,34.50,-0.02,3.98,-0.20,0.00,3.98
369500,34.44,0.00,3.99,-0.10,0.00,3.99
370000,34.44,-0.01,3.98,-0.10,0.00,3.98
370500,34.50,0.00,3.98,-0.20,0.00,3.98
371000,34.50,-0.03,3.98,-0.30,0.00,3.98
371500,34.50,-0.01,3.98,-0.20,0.00,3.98
372000,34.50,-0.01,3.98,-0.10,0.00,3.98
372500,34.50,-0.04,3.98,-0.40,0.00,3.98
373000,34.50,-0.02,3.99,-0.20,0.00,3.99
373500,34.50,-0.03,3.99,-0.10,0.00,3.99
374000,34.50,0.00,3.98,-0.20,0.00,3.98
374500,34.50,-0.02,3.98,-0.40,0.00,3.98
375000,34.56,-0.02,3.98,-0.20,0.00,3.98
375500,34.56,-0.01,3.98,-0.20,0.00,3.98
376000,34.56,-0.01,3.98,-0.20,0.00,3.98
376500,34.56,-0.03,3.98,-0.10,0.00,3.98
377000,34.56,0.00,3.98,-0.10,0.00,3.98
377500,34.56,-0.03,3.99,-0.20,0.00,3.99
378000,34.56,-0.04,3.99,0.10,0.00,3.99
378500,34.63,-0.04,3.99,0.00,0.00,3.99
379000,34.56,0.01,3.99,0.10,0.00,3.99
379500,34.56,-0.01,3.98,0.00,0.00,3.98
380000,34.63,0.02,3.98,-0.10,0.00,3.98
380500,34.63,-0.01,3.99,-0.30,0.00,3.99
381000,34.63,0.00,3.98,-0.20,0.00,3.98
381500,34.63,0.01,3.98,0.00,0.00,3.98
382000,34.63,0.01,3.99,-0.20,0.00,3.99
382500,34.63,-0.01,3.99,-0.30,0.00,3.99
383000,34.63,-0.02,3.99,0.00,0.00,3.99
383500,34.63,-0.03,3.99,-0.20,0.00,3.99
384000,34.63,0.00,3.98,-0.10,0.00,3.98
384500,34.63,-0.02,3.98,0.10,0.00,3.98
385000,34.63,-0.03,3.99,0.10,0.00,3.99
385500,34.63,-0.01,3.98,0.00,0.00,3.98
386000,34.63,-0.01,3.99,-0.30,0.00,3.99
386500,34.63,0.00,3.99,0.00,0.00,3.99
387000,34.63,-0.02,3.98,-0.20,0.00,3.98
387500,34.63,-0.02,3.98,-0.10,0.00,3.98
388000,34.63,-0.01,3.99,-0.50,0.00,3.99
388500,34.69,-0.01,3.98,-0.20,0.00,3.98
389000,34.63,-0.01,3.98,0.00,0.00,3.98
389500,34.63,-0.02,3.99,0.00,0.00,3.99
390000,34.63,-0.02,3.98,-0.20,0.00,3.98
390500,34.63,-0.01,3.98,0.00,0.00,3.98
391000,34.63,-0.01,3.98,0.10,0.00,3.98
391500,34.63,-0.02,3.98,-0.20,0.00,3.98
392000,34.63,-0.02,3.98,0.10,0.00,3.98
392500,34.63,-0.03,3.99,0.00,0.00,3.99
393000,34.63,0.00,3.99,-0.20,0.00,3.99
393500,34.63,-0.02,3.98,-0.20,0.00,3.98
394000,34.63,-0.01,3.98,0.10,0.00,3.98
394500,34.63,-0.01,3.99,-0.20,0.00,3.99
395000,34.56,-0.03,3.98,0.00,0.00,3.98
395500,34.56,-0.03,3.98,0.00,0.00,3.98
396000,34.56,-0.02,3.98,-0.40,0.00,3.98
396500,34.56,-0.01,3.98,0.10,0.00,3.98
397000,34.56,0.00,3.98,-0.20,0.00,3.98
397500,34.56,0.00,3.98,-0.10,0.00,3.98
398000,34.56,-0.02,3.98,0.10,0.00,3.98
398500,34.56,-0.02,3.98,-0.20,0.00,3.98
399000,34.56,0.00,3.98,-0.20,0.00,3.98
399500,34.56,-0.03,3.98,-0.30,0.00,3.98
400000,34.56,0.00,3.98,-0.10,0.00,3.98
400500,34.56,-0.03,3.99,-0.20,0.00,3.99
401000,34.56,-0.01,3.98,-0.10,0.00,3.98
401500,34.56,0.01,3.98,-0.10,0.00,3.98
402000,34.56,-0.04,3.99,0.00,0.00,3.99
402500,34.56,-0.01,3.98,-0.20,0.00,3.98
403000,34.56,0.00,3.98,-0.20,0.00,3.98
403500,34.63,-0.02,3.98,-0.20,0.00,3.98
404000,34.63,-0.01,3.98,-0.20,0.00,3.98
404500,34.63,-0.01,3.98,0.00,0.00,3.98
405000,34.63,-0.01,3.98,0.00,0.00,3.98
405500,34.63,-0.01,3.99,0.00,0.00,3.99
406000,34.63,-0.02,3.99,-0.20,0.00,3.99
406500,34.56,-0.02,3.99,0.00,0.00,3.99
407000,34.63,-0.02,3.98,-0.30,0.00,3.98
407500,34.63,-0.03,3.98,-0.30,0.00,3.98
408000,34.63,0.01,3.98,0.00,0.00,3.98
408500,34.63,0.00,3.98,-0.10,0.00,3.98
409000,34.63,-0.01,3.98,-0.20,0.00,3.98
409500,34.63,-0.02,3.98,-0.20,0.00,3.98
410000,34.63,-0.01,3.99,-0.10,0.00,3.99
410500,34.63,-0.01,3.98,0.00,0.00,3.98
411000,34.63,-0.01,3.98,-0.10,0.00,3.98
411500,34.56,-0.01,3.98,-0.10,0.00,3.98
412000,34.63,-0.02,3.99,-0.10,0.00,3.99
412500,34.56,0.00,3.98,0.10,0.00,3.98
413000,34.56,0.00,3.98,-0.20,0.00,3.98
413500,34.56,0.01,3.98,-0.10,0.00,3.98
414000,34.56,-0.02,3.98,-0.30,0.00,3.98
414500,34.56,-0.03,3.99,-0.10,0.00,3.99
415000,34.56,-0.03,3.99,-0.10,0.00,3.99
415500,34.56,-0.02,3.98,0.20,0.00,3.98
416000,34.56,0.00,3.98,-0.20,0.00,3.98
416500,34.56,0.00,3.98,-0.10,0.00,3.98
417000,34.56,0.00,3.99,-0.10,0.00,3.99
417500,34.56,-0.02,3.98,0.00,0.00,3.98
418000,34.56,0.00,3.98,-0.30,0.00,3.98
418500,34.56,-0.03,3.99,0.10,0.00,3.99
419000,34.56,-0.02,3.98,0.10,0.00,3.98
419500,34.56,-0.01,3.99,-0.10,0.00,3.99
420000,34.50,-0.01,3.98,-0.20,0.00,3.98
420500,34.50,-0.02,3.98,-0.10,0.00,3.98
421000,34.50,0.02,3.98,-0.10,0.00,3.98
421500,34.50,-0.02,3.98,-0.20,0.00,3.98
422000,34.56,0.00,3.98,0.00,0.00,3.98
422500,34.50,0.00,3.98,-0.40,0.00,3.98
423000,34.50,0.00,3.98,-0.40,0.00,3.98
423500,34.56,-0.02,3.99,0.00,0.00,3.99
424000,34.50,-0.03,3.98,-0.10,0.00,3.98
424500,34.31,-0.01,3.98,-0.20,0.00,3.98
425000,34.06,-0.01,3.99,0.00,0.00,3.99
425500,34.00,0.00,3.99,-0.30,0.00,3.99
426000,33.88,-0.01,3.98,0.00,0.00,3.98
426500,33.88,0.01,3.99,0.00,0.00,3.99
427000,33.88,-0.02,3.98,-0.10,0.00,3.98
427500,33.94,0.01,3.98,0.00,0.00,3.98
428000,33.94,0.01,3.99,-0.30,0.00,3.99
428500,34.00,0.00,3.98,0.00,0.00,3.98
429000,34.00,-0.03,3.98,0.00,0.00,3.98
429500,34.06,-0.04,3.98,-0.40,0.00,3.98
430000,34.06,0.02,3.98,-0.10,0.00,3.98
430500,34.06,0.01,3.98,0.00,0.00,3.98
431000,34.06,-0.01,3.98,-0.20,0.00,3.98
431500,34.13,-0.02,3.98,-0.20,0.00,3.98
432000,34.13,-0.02,3.98,0.10,0.00,3.98
432500,34.13,0.00,3.98,-0.20,0.00,3.98
433000,34.13,-0.04,3.98,-0.30,0.00,3.98
433500,34.13,0.00,3.99,-0.20,0.00,3.99
434000,34.13,0.00,3.98,0.20,0.00,3.98
434500,34.13,0.00,3.98,-0.30,0.00,3.98
435000,34.13,-0.01,3.99,-0.10,0.00,3.99
435500,34.13,0.01,3.98,-0.20,0.00,3.98
436000,34.13,-0.01,3.98,-0.20,0.00,3.98
436500,34.13,-0.01,3.98,0.00,0.00,3.98
437000,34.19,0.00,3.98,-0.30,0.00,3.98
437500,34.19,0.00,3.98,0.00,0.00,3.98
438000,34.13,-0.03,3.98,0.10,0.00,3.98
438500,34.13,-0.03,3.98,-0.20,0.00,3.98
439000,34.13,0.00,3.98,-0.10,0.00,3.98
439500,34.13,-0.02,3.99,0.00,0.00,3.99
440000,34.13,0.00,3.98,0.20,0.00,3.98
440500,34.19,-0.01,3.98,0.00,0.00,3.98
441000,34.13,0.00,3.98,-0.20,0.00,3.98
441500,34.19,-0.02,3.98,0.10,0.00,3.98
442000,34.19,0.01,3.98,-0.30,0.00,3.98
442500,34.19,-0.01,3.98,0.10,0.00,3.98
443000,34.13,0.02,3.98,-0.20,0.00,3.98
443500,34.13,-0.01,3.98,-0.20,0.00,3.98
444000,34.13,-0.02,3.98,-0.30,0.00,3.98
444500,34.13,0.02,3.98,-0.20,0.00,3.98
445000,34.13,0.00,3.98,-0.30,0.00,3.98
445500,34.13,-0.02,3.98,-0.20,0.00,3.98
446000,34.13,0.00,3.98,-0.20,0.00,3.98
446500,34.13,-0.02,3.98,-0.10,0.00,3.98
447000,34.13,0.00,3.99,-0.30,0.00,3.99
447500,34.06,-0.01,3.98,-0.10,0.00,3.98
448000,34.06,0.00,3.98,-0.10,0.00,3.98
448500,34.06,-0.01,3.99,-0.10,0.00,3.99
449000,34.06,0.01,3.98,0.00,0.00,3.98
449500,34.06,-0.02,3.99,0.00,0.00,3.99
450000,34.06,0.00,3.98,-0.30,0.00,3.98
450500,34.06,-0.02,3.98,0.10,0.00,3.98
451000,34.06,-0.01,3.99,-0.20,0.00,3.99
451500,34.13,0.00,3.98,-0.20,0.00,3.98
452000,34.13,-0.01,3.98,-0.10,0.00,3.98
452500,34.13,-0.02,3.98,-0.10,0.00,3.98
453000,34.13,-0.02,3.98,-0.20,0.00,3.98
453500,34.06,0.01,3.98,-0.10,0.00,3.98
454000,34.13,-0.02,3.98,-0.10,0.00,3.98
454500,34.13,-0.01,3.99,-0.10,0.00,3.99
455000,34.13,-0.01,3.98,-0.40,0.00,3.98
455500,34.13,0.00,3.98,-0.20,0.00,3.98
456000,34.13,0.02,3.98,-0.20,0.00,3.98
456500,34.13,-0.02,3.98,-0.10,0.00,3.98
457000,34.13,-0.03,3.98,-0.20,0.00,3.98
457500,34.13,-0.04,3.99,-0.10,0.00,3.99
458000,34.13,-0.01,3.99,0.00,0.00,3.99
458500,34.13,-0.01,3.98,-0.10,0.00,3.98
459000,34.13,-0.01,3.99,-0.20,0.00,3.99
459500,34.13,-0.02,3.99,-0.20,0.00,3.99
460000,34.13,-0.01,3.98,-0.20,0.00,3.98
460500,34.13,-0.01,3.98,-0.20,0.00,3.98
461000,34.13,0.01,3.98,0.10,0.00,3.98
461500,33.94,0.01,3.98,-0.20,0.00,3.98
462000,33.75,0.01,3.98,0.10,0.00,3.98
462500,33.63,0.00,3.98,-0.20,0.00,3.98
463000,33.50,0.00,3.98,-0.10,0.00,3.98
463500,33.44,0.00,3.99,0.00,0.00,3.99
464000,33.44,-0.02,3.98,-0.40,0.00,3.98
464500,33.38,0.00,3.99,0.00,0.00,3.99
465000,33.31,-0.01,3.98,-0.30,0.00,3.98
465500,33.19,0.00,3.98,-0.30,0.00,3.98
466000,33.06,0.01,3.98,-0.10,0.00,3.98
466500,32.94,-0.01,3.98,-0.20,0.00,3.98
467000,32.88,0.00,3.98,-0.20,0.00,3.98
467500,32.88,-0.01,3.98,0.00,0.00,3.98
468000,32.88,-0.04,3.99,-0.10,0.00,3.99
468500,32.88,0.01,3.98,0.00,0.00,3.98
469000,32.88,-0.02,3.98,0.00,0.00,3.98
469500,33.00,-0.01,3.98,-0.40,0.00,3.98
470000,33.00,-0.02,3.98,-0.30,0.00,3.98
470500,33.06,-0.01,3.98,-0.20,0.00,3.98
471000,33.13,-0.03,3.98,0.00,0.00,3.98
471500,33.19,-0.02,3.98,-0.20,0.00,3.98
472000,33.19,-0.01,3.98,-0.20,0.00,3.98
472500,33.19,-0.02,3.99,-0.10,0.00,3.99
473000,33.13,-0.04,3.98,-0.10,0.00,3.98
473500,33.06,-0.01,3.98,-0.30,0.00,3.98
474000,33.06,-0.01,3.99,0.00,0.00,3.99
474500,33.13,-0.04,3.98,-0.10,0.00,3.98
475000,33.13,-0.03,3.98,-0.20,0.00,3.98
475500,33.13,-0.03,3.99,-0.40,0.00,3.99
476000,33.19,-0.02,3.98,-0.20,0.00,3.98
476500,33.19,-0.01,3.98,-0.20,0.00,3.98
477000,33.19,-0.01,3.98,0.10,0.00,3.98
477500,33.25,-0.01,3.98,-0.10,0.00,3.98
478000,33.25,-0.02,3.98,0.00,0.00,3.98
478500,33.31,-0.02,3.98,0.00,0.00,3.98
479000,33.31,-0.01,3.99,-0.20,0.00,3.99
479500,33.31,0.00,3.99,-0.10,0.00,3.99
480000,33.38,0.01,3.98,0.00,0.00,3.98
480500,33.38,0.00,3.98,-0.30,0.00,3.98
481000,33.38,-0.04,3.98,0.10,0.00,3.98
481500,33.38,-0.02,3.98,-0.10,0.00,3.98
482000,33.38,-0.01,3.99,-0.20,0.00,3.99
482500,33.44,-0.02,3.98,-0.10,0.00,3.98
483000,33.44,0.03,3.98,0.10,0.00,3.98
483500,33.31,0.01,3.99,-0.20,0.00,3.99
484000,33.25,-0.02,3.98,0.00,0.00,3.98
484500,33.19,0.01,3.99,0.00,0.00,3.99
485000,33.19,-0.04,3.98,-0.30,0.00,3.98
485500,33.19,-0.02,3.99,-0.20,0.00,3.99
486000,33.19,-0.01,3.98,0.00,0.00,3.98
486500,33.25,0.01,3.98,0.00,0.00,3.98
487000,33.25,0.00,3.99,-0.10,0.00,3.99
487500,33.25,-0.02,3.98,0.10,0.00,3.98
488000,33.31,-0.01,3.98,-0.30,0.00,3.98
488500,33.31,-0.01,3.98,0.00,0.00,3.98
489000,33.31,-0.03,3.98,-0.10,0.00,3.98
489500,33.31,-0.03,3.98,-0.20,0.00,3.98
490000,33.31,0.00,3.98,-0.10,0.00,3.98
490500,33.31,-0.03,3.98,0.20,0.00,3.98
491000,33.31,0.00,3.99,-0.20,0.00,3.99
491500,33.31,-0.03,3.98,-0.30,0.00,3.98
492000,33.31,-0.02,3.99,-0.10,0.00,3.99
492500,33.31,-0.03,3.98,-0.20,0.00,3.98
493000,33.31,-0.02,3.98,-0.20,0.00,3.98
493500,33.31,-0.02,3.98,0.00,0.00,3.98
494000,33.25,0.00,3.99,-0.20,0.00,3.99
494500,33.25,-0.03,3.98,-0.30,0.00,3.98
495000,33.19,0.00,3.98,-0.20,0.00,3.98
495500,33.19,-0.02,3.98,0.00,0.00,3.98
496000,33.19,0.01,3.99,0.00,0.00,3.99
496500,33.25,-0.02,3.98,-0.30,0.00,3.98
497000,33.19,-0.03,3.98,-0.10,0.00,3.98
497500,33.19,-0.01,3.99,-0.30,0.00,3.99
498000,33.25,-0.04,3.99,-0.10,0.00,3.99
498500,33.25,0.00,3.99,-0.30,0.00,3.99
499000,33.25,-0.01,3.98,-0.20,0.00,3.98
499500,33.25,-0.02,3.99,0.00,0.00,3.99
500000,33.25,-0.02,3.98,0.10,0.00,3.98
500500,33.25,-0.03,3.98,0.10,0.00,3.98
501000,33.25,-0.03,3.98,-0.10,0.00,3.98
501500,33.31,-0.03,3.98,-0.10,0.00,3.98
502000,33.25,-0.01,3.99,-0.10,0.00,3.99
502500,33.25,0.01,3.98,0.00,0.00,3.98
503000,33.25,-0.02,3.99,-0.20,0.00,3.99
503500,33.25,0.00,3.98,0.00,0.00,3.98
504000,33.31,0.01,3.98,-0.10,0.00,3.98
504500,33.31,0.00,3.99,-0.10,0.00,3.99
505000,33.31,0.02,3.98,0.10,0.00,3.98
505500,33.31,-0.02,3.98,-0.30,0.00,3.98
506000,33.31,-0.03,3.98,0.00,0.00,3.98
506500,33.31,-0.02,3.99,-0.10,0.00,3.99
507000,33.31,-0.02,3.98,-0.10,0.00,3.98
507500,33.31,0.00,3.99,-0.10,0.00,3.99
508000,33.31,-0.01,3.98,-0.50,0.00,3.98
508500,33.31,-0.02,3.98,-0.10,0.00,3.98
509000,33.31,-0.01,3.98,-0.40,0.00,3.98
509500,33.31,-0.02,3.98,-0.40,0.00,3.98
510000,33.38,0.00,3.98,-0.40,4.00,3.98
510500,33.38,-0.01,3.98,-0.40,0.00,3.98
511000,33.38,0.00,3.99,0.10,0.00,3.99
511500,33.38,-0.02,3.98,0.00,0.00,3.98
512000,33.38,0.00,3.99,-0.30,0.00,3.99
512500,33.38,-0.02,3.98,-0.10,0.00,3.98
513000,33.38,-0.01,3.98,-0.30,0.00,3.98
513500,33.38,-0.02,3.98,0.10,0.00,3.98
514000,33.38,-0.02,3.98,-0.30,0.00,3.98
514500,33.38,-0.02,3.98,-0.20,0.00,3.98
515000,33.38,-0.01,3.98,-0.10,0.00,3.98
515500,33.38,0.00,3.98,-0.10,0.00,3.98
516000,33.38,0.00,3.98,-0.10,0.00,3.98
516500,33.38,-0.02,3.98,-0.10,0.00,3.98
517000,33.38,0.02,3.99,-0.10,0.00,3.99
517500,33.38,-0.03,3.98,-0.10,0.00,3.98
518000,33.38,0.02,3.98,-0.10,0.00,3.98
518500,33.38,-0.01,3.98,-0.10,0.00,3.98
519000,33.38,-0.01,3.98,0.00,0.00,3.98
519500,33.38,-0.03,3.98,-0.10,0.00,3.98
520000,33.38,-0.02,3.98,-0.50,0.00,3.98
520500,33.38,-0.01,3.98,0.10,0.00,3.98
521000,33.38,-0.04,3.98,-0.40,0.00,3.98
521500,33.38,-0.05,3.98,-0.10,0.00,3.98
522000,33.38,-0.01,3.98,-0.30,0.00,3.98
522500,33.38,-0.01,3.98,0.00,0.00,3.98
523000,33.38,-0.01,3.98,0.10,0.00,3.98
523500,33.31,-0.01,3.98,-0.40,0.00,3.98
524000,33.38,-0.02,3.98,-0.20,0.00,3.98
524500,33.38,-0.03,3.98,-0.30,0.00,3.98
525000,33.31,-0.01,3.98,-0.10,0.00,3.98
525500,33.31,-0.02,3.98,-0.40,0.00,3.98
526000,33.31,-0.01,3.98,-0.20,0.00,3.98
526500,33.31,-0.03,3.99,-0.10,0.00,3.99
527000,33.31,-0.03,3.98,-0.10,0.00,3.98
527500,33.38,0.00,3.98,0.20,0.00,3.98
528000,33.31,-0.02,3.98,-0.20,0.00,3.98
528500,33.31,-0.03,3.98,-0.10,0.00,3.98
529000,33.31,-0.03,3.99,-0.20,0.00,3.99
529500,33.31,0.01,3.98,0.00,0.00,3.98
530000,33.31,0.00,3.98,-0.10,0.00,3.98
530500,33.31,-0.01,3.98,-0.10,0.00,3.98
531000,33.31,-0.03,3.99,-0.10,0.00,3.99
531500,33.31,0.00,3.98,-0.20,0.00,3.98
532000,33.31,-0.01,3.98,-0.10,0.00,3.98
532500,33.31,-0.01,3.98,-0.40,0.00,3.98
533000,33.31,0.01,3.98,-0.10,0.00,3.98
533500,33.31,-0.01,3.98,-0.30,0.00,3.98
534000,33.31,-0.02,3.99,-0.20,0.00,3.99
534500,33.31,0.00,3.98,-0.30,0.00,3.98
535000,33.31,-0.02,3.98,-0.20,0.00,3.98
535500,33.31,0.01,3.98,-0.20,0.00,3.98
536000,33.31,-0.02,3.98,0.00,0.00,3.98
536500,33.31,-0.03,3.98,-0.40,0.00,3.98
537000,33.31,-0.03,3.99,-0.30,0.00,3.99
537500,33.31,-0.03,3.98,0.00,0.00,3.98
538000,33.31,0.00,3.98,-0.10,0.00,3.98
538500,33.31,0.00,3.98,-0.30,0.00,3.98
539000,33.31,-0.01,3.98,-0.20,0.00,3.98
539500,33.31,-0.01,3.98,-0.10,0.00,3.98
540000,33.31,-0.02,3.98,-0.20,0.00,3.98
540500,33.31,-0.02,3.98,-0.40,0.00,3.98
541000,33.31,0.00,3.98,0.10,0.00,3.98
541500,33.31,-0.02,3.98,-0.20,0.00,3.98
542000,33.31,-0.01,3.98,-0.20,0.00,3.98
542500,33.31,-0.01,3.98,-0.20,0.00,3.98
543000,33.25,-0.01,3.98,-0.10,0.00,3.98
543500,33.25,0.00,3.98,-0.20,0.00,3.98
544000,33.25,0.01,3.98,0.00,0.00,3.98
544500,33.25,-0.02,3.98,-0.10,0.00,3.98
545000,33.25,-0.04,3.98,-0.10,0.00,3.98
545500,33.19,0.00,3.98,0.10,0.00,3.98
546000,33.19,-0.04,3.98,0.00,0.00,3.98
546500,33.19,-0.01,3.98,0.00,0.00,3.98
547000,33.19,-0.01,3.98,-0.10,0.00,3.98
547500,33.19,0.01,3.98,-0.10,0.00,3.98
548000,33.19,0.00,3.98,0.10,0.00,3.98
548500,33.19,0.01,3.99,-0.20,0.00,3.99
549000,33.19,-0.02,3.98,-0.20,0.00,3.98
549500,33.19,-0.02,3.99,-0.20,0.00,3.99
550000,33.19,-0.01,3.98,-0.10,0.00,3.98
550500,33.19,0.01,3.99,-0.20,0.00,3.99
551000,33.19,0.01,3.98,-0.20,0.00,3.98
551500,33.19,-0.01,3.98,0.00,0.00,3.98
552000,33.19,-0.01,3.98,0.00,0.00,3.98
552500,33.19,-0.02,3.99,-0.20,0.00,3.99
553000,33.19,-0.02,3.98,-0.20,0.00,3.98
553500,33.19,-0.04,3.98,-0.20,0.00,3.98
554000,33.19,-0.02,3.98,-0.30,0.00,3.98
554500,33.19,0.00,3.98,0.00,0.00,3.98
555000,33.19,-0.01,3.98,-0.20,0.00,3.98
555500,33.19,-0.01,3.99,-0.20,0.00,3.99
556000,33.13,-0.01,3.99,0.00,0.00,3.99
556500,33.13,0.00,3.98,0.00,0.00,3.98
557000,33.13,-0.01,3.98,-0.10,0.00,3.98
557500,33.13,-0.03,3.98,-0.10,0.00,3.98
558000,33.06,0.00,3.98,-0.20,0.00,3.98
558500,33.13,0.00,3.98,-0.20,0.00,3.98
559000,33.13,0.00,3.98,-0.10,0.00,3.98
559500,33.13,0.00,3.99,-0.10,0.00,3.99
560000,33.13,0.01,3.98,-0.10,0.00,3.98
560500,33.06,-0.02,3.98,0.10,0.00,3.98
561000,33.06,-0.02,3.98,0.00,0.00,3.98
561500,33.06,-0.03,3.98,-0.10,0.00,3.98
562000,33.06,-0.01,3.98,-0.10,0.00,3.98
562500,33.06,-0.01,3.98,-0.20,0.00,3.98
563000,33.06,0.01,3.98,0.00,0.00,3.98
563500,33.06,-0.02,3.98,-0.40,0.00,3.98
564000,33.06,0.00,3.99,-0.10,0.00,3.99
564500,33.00,-0.01,3.98,-0.10,0.00,3.98
565000,33.00,-0.01,3.98,0.00,0.00,3.98
565500,32.88,-0.01,3.98,-0.10,0.00,3.98
566000,32.88,-0.01,3.99,-0.20,0.00,3.99
566500,32.88,-0.03,3.98,-0.10,0.00,3.98
567000,32.88,-0.03,3.98,-0.30,0.00,3.98
567500,32.88,-0.03,3.98,-0.20,0.00,3.98
568000,32.88,0.01,3.98,0.00,0.00,3.98
568500,32.88,-0.02,3.99,0.00,0.00,3.99
569000,32.88,-0.02,3.98,-0.30,0.00,3.98
569500,32.88,-0.01,3.98,-0.30,0.00,3.98
570000,32.88,0.00,3.98,-0.20,0.00,3.98
570500,32.81,0.03,3.98,-0.10,0.00,3.98
571000,32.81,-0.01,3.99,-0.10,0.00,3.99
571500,32.88,-0.02,3.98,0.00,0.00,3.98
572000,32.88,0.01,3.98,-0.20,0.00,3.98
572500,32.88,-0.02,3.99,-0.10,0.00,3.99
573000,32.88,-0.02,3.98,0.00,0.00,3.98
573500,32.88,-0.02,3.98,0.20,0.00,3.98
574000,32.88,-0.02,3.99,-0.20,0.00,3.99
574500,32.88,0.00,3.98,-0.20,0.00,3.98
575000,32.81,-0.03,3.98,-0.20,0.00,3.98
575500,32.81,0.01,3.98,-0.20,0.00,3.98
576000,32.81,-0.02,3.98,-0.10,0.00,3.98
576500,32.81,-0.01,3.98,-0.10,0.00,3.98
577000,32.81,0.00,3.98,0.00,0.00,3.98
577500,32.81,-0.02,3.98,-0.20,0.00,3.98
578000,32.81,0.00,3.99,-0.20,0.00,3.99
578500,32.88,-0.02,3.99,-0.20,0.00,3.99
579000,32.88,0.01,3.99,-0.20,0.00,3.99
579500,32.81,-0.03,3.98,0.20,0.00,3.98
580000,32.81,-0.02,3.98,-0.10,0.00,3.98
580500,32.81,0.00,3.98,0.00,0.00,3.98
581000,32.81,0.00,3.98,0.00,0.00,3.98
581500,32.81,0.01,3.98,0.10,0.00,3.98
582000,32.88,-0.03,3.98,-0.10,0.00,3.98
582500,32.81,0.00,3.98,-0.20,0.00,3.98
583000,32.88,-0.02,3.99,0.20,0.00,3.99
583500,32.81,-0.02,3.99,-0.20,0.00,3.99
584000,32.81,-0.03,3.98,-0.20,0.00,3.98
584500,32.81,0.00,3.98,-0.20,0.00,3.98
585000,32.81,-0.02,3.98,-0.20,0.00,3.98
585500,32.81,-0.03,3.98,-0.10,0.00,3.98
586000,32.81,-0.05,3.98,-0.10,0.00,3.98
586500,32.81,-0.01,3.98,-0.30,0.00,3.98
587000,32.81,-0.02,3.99,0.00,0.00,3.99
587500,32.81,0.00,3.99,0.10,0.00,3.99
588000,32.81,-0.01,3.99,-0.40,0.00,3.99
588500,32.81,-0.01,3.98,-0.10,0.00,3.98
589000,32.81,-0.03,3.98,-0.30,0.00,3.98
589500,32.81,-0.02,3.98,-0.10,0.00,3.98
590000,32.81,-0.01,3.98,-0.10,0.00,3.98
590500,32.75,0.00,3.98,-0.10,0.00,3.98
591000,32.75,-0.01,3.98,-0.40,0.00,3.98
591500,32.75,-0.02,3.98,-0.20,0.00,3.98
592000,32.75,-0.01,3.98,-0.40,0.00,3.98
592500,32.75,0.00,3.98,-0.20,0.00,3.98
593000,32.75,0.00,3.99,-0.30,0.00,3.99
593500,32.75,-0.03,3.99,-0.10,0.00,3.99
594000,32.69,0.00,3.98,-0.10,0.00,3.98
594500,32.69,-0.01,3.98,0.10,0.00,3.98
595000,32.69,0.00,3.98,0.00,0.00,3.98
595500,32.69,-0.02,3.98,-0.10,0.00,3.98
596000,32.69,-0.02,3.98,-0.40,0.00,3.98
596500,32.69,-0.02,3.98,-0.30,0.00,3.98
597000,32.69,-0.02,3.99,-0.20,0.00,3.99
597500,32.69,-0.01,3.99,0.00,0.00,3.99
598000,32.75,-0.04,3.98,-0.10,0.00,3.98
598500,32.69,0.00,3.99,-0.10,0.00,3.99
599000,32.75,-0.01,3.98,0.30,0.00,3.98
599500,32.69,-0.01,3.98,-0.40,0.00,3.98
600000,32.69,-0.01,3.98,0.00,0.00,3.98
600500,32.69,-0.01,3.98,-0.10,0.00,3.98
601000,32.69,-0.01,3.98,-0.20,0.00,3.98
601500,32.69,-0.02,3.98,-0.40,0.00,3.98
602000,32.69,0.01,3.98,-0.20,0.00,3.98
602500,32.69,-0.01,3.99,-0.20,0.00,3.99
603000,32.69,-0.02,3.98,-0.20,0.00,3.98
603500,32.69,0.01,3.98,-0.10,0.00,3.98
604000,32.69,-0.02,3.99,-0.20,0.00,3.99
604500,32.63,-0.02,3.98,-0.10,0.00,3.98
605000,32.63,-0.01,3.98,-0.10,0.00,3.98
605500,32.69,0.00,3.98,-0.20,0.00,3.98
606000,32.69,-0.01,3.98,-0.20,0.00,3.98
606500,32.69,-0.02,3.99,-0.10,0.00,3.99
607000,32.69,-0.02,3.98,-0.20,0.00,3.98
607500,32.69,-0.02,3.98,0.00,0.00,3.98
608000,32.75,0.00,3.98,0.00,0.00,3.98
608500,32.75,-0.01,3.98,0.00,0.00,3.98
609000,32.69,-0.01,3.98,0.00,0.00,3.98
609500,32.69,-0.03,3.99,-0.20,0.00,3.99
610000,32.69,0.00,3.99,0.20,0.00,3.99
610500,32.69,-0.02,3.98,-0.20,0.00,3.98
611000,32.69,-0.01,3.98,-0.30,0.00,3.98
611500,32.69,0.00,3.99,-0.10,0.00,3.99
612000,32.69,-0.02,3.98,-0.20,0.00,3.98
612500,32.69,-0.02,3.98,0.10,0.00,3.98
613000,32.69,-0.02,3.98,-0.10,0.00,3.98
613500,32.75,-0.01,3.98,-0.20,0.00,3.98
614000,32.69,-0.03,3.99,-0.10,0.00,3.99
614500,32.69,0.00,3.99,-0.10,0.00,3.99
615000,32.69,0.00,3.98,0.00,0.00,3.98
615500,32.69,-0.01,3.98,-0.20,0.00,3.98
616000,32.69,0.01,3.98,0.00,0.00,3.98
616500,32.69,-0.05,3.99,-0.20,0.00,3.99
617000,32.69,0.00,3.98,-0.10,0.00,3.98
617500,32.69,-0.01,3.98,-0.10,0.00,3.98
618000,32.69,0.00,3.98,-0.30,0.00,3.98
618500,32.69,-0.03,3.98,-0.30,0.00,3.98
619000,32.63,0.01,3.98,-0.20,0.00,3.98
619500,32.63,0.00,3.98,0.00,0.00,3.98
620000,32.69,-0.03,3.98,-0.30,0.00,3.98
620500,32.63,0.00,3.98,0.00,0.00,3.98
621000,32.63,-0.01,3.98,-0.10,0.00,3.98
621500,32.63,-0.01,3.99,-0.10,0.00,3.99
622000,32.63,-0.01,3.98,-0.20,0.00,3.98
622500,32.63,-0.01,3.99,-0.20,0.00,3.99
623000,32.63,-0.02,3.98,-0.10,0.00,3.98
623500,32.63,0.00,3.99,-0.10,0.00,3.99
624000,32.56,0.00,3.98,-0.10,0.00,3.98
624500,32.56,-0.01,3.98,0.00,0.00,3.98
625000,32.56,-0.02,3.98,-0.10,0.00,3.98
625500,32.56,-0.02,3.98,-0.20,0.00,3.98
626000,32.50,-0.01,3.98,-0.10,0.00,3.98
626500,32.50,0.01,3.99,-0.20,0.00,3.99
627000,32.50,-0.01,3.98,0.10,0.00,3.98
627500,32.50,-0.04,3.99,-0.10,0.00,3.99
628000,32.50,0.00,3.98,-0.40,0.00,3.98
628500,32.50,-0.02,3.98,-0.20,0.00,3.98
629000,32.50,-0.01,3.98,0.00,0.00,3.98
629500,32.44,0.00,3.98,-0.10,0.00,3.98
630000,32.44,-0.02,3.98,0.10,0.00,3.98
630500,32.44,-0.03,3.98,-0.10,0.00,3.98
631000,32.44,0.01,3.98,-0.20,0.00,3.98
631500,32.44,0.00,3.98,-0.10,0.00,3.98
632000,32.38,0.00,3.99,-0.10,0.00,3.99
632500,32.38,0.01,3.98,-0.10,0.00,3.98
633000,32.38,0.01,3.99,0.20,0.00,3.99
633500,32.38,0.02,3.99,0.00,0.00,3.99
634000,32.38,0.00,3.98,0.00,0.00,3.98
634500,32.38,-0.01,3.98,-0.50,0.00,3.98
635000,32.38,-0.03,3.98,-0.30,0.00,3.98
635500,32.31,-0.04,3.98,-0.10,0.00,3.98
636000,32.38,-0.02,3.98,-0.20,0.00,3.98
636500,32.31,0.03,3.99,-0.30,0.00,3.99
637000,32.31,-0.03,3.98,0.10,0.00,3.98
637500,32.31,0.00,3.99,-0.10,0.00,3.99
638000,32.31,-0.02,3.98,0.00,0.00,3.98
638500,32.31,-0.01,3.99,0.00,0.00,3.99
639000,32.31,-0.01,3.98,-0.10,0.00,3.98
639500,32.31,0.00,3.99,-0.20,0.00,3.99
640000,32.31,-0.01,3.99,0.00,0.00,3.99
640500,32.31,0.01,3.98,-0.10,0.00,3.98
641000,32.31,-0.01,3.98,-0.30,0.00,3.98
641500,32.31,-0.01,3.98,-0.10,0.00,3.98
642000,32.31,-0.02,3.98,-0.10,0.00,3.98
642500,32.31,-0.02,3.98,-0.20,0.00,3.98
643000,32.31,0.00,3.99,-0.20,0.00,3.99
643500,32.38,-0.03,3.98,-0.20,0.00,3.98
644000,32.38,-0.02,3.98,0.00,0.00,3.98
644500,32.38,0.00,3.98,-0.20,0.00,3.98
645000,32.31,-0.01,3.99,0.10,0.00,3.99
645500,32.31,-0.01,3.98,0.00,0.00,3.98
646000,32.31,0.00,3.98,-0.20,0.00,3.98
646500,32.25,0.00,3.99,-0.20,0.00,3.99
647000,32.25,-0.02,3.98,-0.30,0.00,3.98
647500,32.25,0.00,3.98,0.10,0.00,3.98
648000,32.25,-0.02,3.98,-0.10,0.00,3.98
648500,32.25,0.00,3.98,-0.20,0.00,3.98
649000,32.31,0.00,3.98,-0.10,0.00,3.98
649500,32.25,-0.03,3.99,-0.30,0.00,3.99
650000,32.25,-0.01,3.98,-0.10,0.00,3.98
650500,32.25,-0.03,3.99,-0.10,0.00,3.99
651000,32.19,-0.01,3.98,-0.20,0.00,3.98
651500,32.25,-0.01,3.99,-0.10,0.00,3.99
652000,32.19,0.02,3.98,-0.20,0.00,3.98
652500,32.19,-0.01,3.98,-0.20,0.00,3.98
653000,32.19,-0.02,3.98,-0.30,0.00,3.98
653500,32.19,-0.01,3.98,-0.20,0.00,3.98
654000,32.19,0.00,3.98,0.00,0.00,3.98
654500,32.19,0.00,3.99,-0.10,0.00,3.99
655000,32.19,-0.01,3.98,-0.10,0.00,3.98
655500,32.19,0.00,3.98,0.00,0.00,3.98
656000,32.19,-0.02,3.98,-0.10,0.00,3.98
656500,32.19,-0.02,3.98,0.00,0.00,3.98
657000,32.19,-0.01,3.98,-0.20,0.00,3.98
657500,32.19,0.02,3.98,-0.30,0.00,3.98
658000,32.19,-0.01,3.99,0.00,0.00,3.99
658500,32.19,-0.01,3.98,-0.10,0.00,3.98
659000,32.19,-0.01,3.98,-0.20,0.00,3.98
659500,32.19,-0.01,3.98,0.00,0.00,3.98
660000,32.19,-0.01,3.98,-0.20,0.00,3.98
660500,32.19,-0.01,3.98,0.00,0.00,3.98
661000,32.19,-0.01,3.98,-0.10,0.00,3.98
661500,32.19,0.00,3.98,0.00,0.00,3.98
662000,32.13,-0.05,3.99,-0.10,0.00,3.99
662500,32.13,-0.01,3.98,-0.20,0.00,3.98
663000,32.13,-0.03,3.98,0.00,0.00,3.98
663500,32.19,-0.04,3.98,-0.20,0.00,3.98
664000,32.19,0.01,3.98,-0.40,0.00,3.98
664500,32.13,-0.02,3.98,-0.30,0.00,3.98
665000,32.06,-0.02,3.98,0.00,0.00,3.98
665500,32.06,-0.01,3.98,-0.10,0.00,3.98
666000,32.06,0.00,3.98,-0.30,0.00,3.98
666500,32.06,-0.02,3.98,-0.10,0.00,3.98
667000,32.06,-0.02,3.98,-0.10,0.00,3.98
667500,32.06,-0.02,3.98,-0.20,0.00,3.98
668000,32.06,-0.02,3.99,0.00,0.00,3.99
668500,32.13,-0.02,3.98,0.00,0.00,3.98
669000,32.13,-0.02,3.98,0.10,0.00,3.98
669500,32.06,-0.02,3.99,-0.20,0.00,3.99
670000,32.06,-0.03,3.98,-0.10,0.00,3.98
670500,32.06,0.01,3.99,-0.30,0.00,3.99
671000,32.06,0.04,3.98,-0.10,0.00,3.98
671500,32.13,-0.01,3.99,-0.20,0.00,3.99
672000,32.06,-0.04,3.99,-0.10,0.00,3.99
672500,32.06,-0.03,3.98,-0.20,0.00,3.98
673000,32.06,0.00,3.98,-0.10,0.00,3.98
673500,32.06,-0.01,3.99,-0.20,0.00,3.99
674000,32.06,0.01,3.98,-0.30,0.00,3.98
674500,32.06,-0.03,3.99,-0.10,0.00,3.99
675000,32.06,0.00,3.98,0.00,0.00,3.98
675500,32.06,0.00,3.99,0.00,0.00,3.99
676000,32.06,-0.02,3.99,-0.20,0.00,3.99
676500,32.06,0.00,3.98,-0.10,0.00,3.98
677000,32.06,-0.01,3.98,-0.10,0.00,3.98
677500,32.06,-0.02,3.98,0.10,0.00,3.98
678000,32.06,0.00,3.98,0.00,0.00,3.98
678500,32.06,0.02,3.99,-0.20,0.00,3.99
679000,32.06,0.00,3.98,0.00,0.00,3.98
679500,32.00,0.00,3.98,-0.40,0.00,3.98
680000,32.00,-0.02,3.98,-0.20,0.00,3.98
680500,32.00,-0.02,3.98,-0.40,0.00,3.98
681000,32.00,0.00,3.99,0.10,0.00,3.99
681500,32.06,-0.03,3.98,-0.40,0.00,3.98
682000,32.00,0.01,3.98,-0.10,0.00,3.98
682500,32.00,-0.02,3.98,-0.10,0.00,3.98
683000,32.00,-0.01,3.98,-0.20,0.00,3.98
683500,32.00,-0.03,3.98,-0.10,0.00,3.98
684000,32.00,-0.01,3.98,-0.10,0.00,3.98
684500,32.00,0.00,3.98,-0.10,0.00,3.98
685000,31.94,0.01,3.99,-0.20,0.00,3.99
685500,31.94,0.01,3.99,-0.10,0.00,3.99
686000,31.94,-0.02,3.99,0.00,0.00,3.99
686500,31.94,0.00,3.98,0.00,0.00,3.98
687000,31.94,-0.01,3.99,-0.20,0.00,3.99
687500,32.00,-0.01,3.98,-0.30,0.00,3.98
688000,31.94,-0.01,3.99,0.00,0.00,3.99
688500,31.94,-0.03,3.98,-0.20,0.00,3.98
689000,31.94,-0.01,3.99,-0.30,0.00,3.99
689500,31.94,-0.02,3.98,-0.20,0.00,3.98
690000,31.94,-0.01,3.98,-0.10,0.00,3.98
690500,31.87,0.02,3.98,-0.20,0.00,3.98
691000,31.94,0.00,3.98,-0.40,0.00,3.98
691500,31.87,-0.05,3.99,-0.20,0.00,3.99
692000,31.94,-0.01,3.99,-0.20,0.00,3.99
692500,31.94,-0.03,3.98,-0.20,0.00,3.98
693000,31.94,0.01,3.99,-0.40,0.00,3.99
693500,31.87,-0.01,3.99,-0.10,0.00,3.99
694000,31.87,-0.02,3.98,0.00,0.00,3.98
694500,31.94,0.00,3.99,-0.20,0.00,3.99
695000,31.87,-0.03,3.99,-0.40,0.00,3.99
695500,31.94,-0.01,3.98,-0.20,0.00,3.98
696000,31.87,-0.01,3.99,-0.10,0.00,3.99
696500,31.94,0.00,3.99,-0.20,0.00,3.99
697000,31.94,-0.02,3.98,0.00,0.00,3.98
697500,31.94,0.00,3.98,0.00,0.00,3.98
698000,31.87,0.01,3.99,0.10,0.00,3.99
698500,31.87,0.00,3.98,-0.20,0.00,3.98
699000,31.87,0.00,3.98,0.10,0.00,3.98
699500,31.87,0.01,3.99,-0.20,0.00,3.99
700000,31.87,0.00,3.98,0.00,0.00,3.98
700500,31.81,-0.01,3.98,-0.10,0.00,3.98
701000,31.87,-0.02,3.98,0.00,0.00,3.98
701500,31.87,0.00,3.98,-0.10,0.00,3.98
702000,31.87,-0.01,3.98,-0.10,0.00,3.98
702500,31.87,-0.01,3.99,0.00,0.00,3.99
703000,31.87,-0.02,3.98,-0.20,0.00,3.98
703500,31.87,-0.02,3.98,-0.40,0.00,3.98
704000,31.87,-0.03,3.99,0.00,0.00,3.99
704500,31.87,-0.03,3.98,-0.20,0.00,3.98
705000,31.87,0.02,3.99,-0.40,0.00,3.99
705500,31.87,0.00,3.98,-0.20,0.00,3.98
706000,31.81,-0.01,3.98,-0.30,0.00,3.98
706500,31.81,-0.04,3.99,-0.30,0.00,3.99
707000,31.81,-0.01,3.98,-0.20,0.00,3.98
707500,31.81,-0.01,3.98,-0.20,0.00,3.98
708000,31.81,0.01,3.98,0.00,0.00,3.98
708500,31.81,-0.02,3.98,-0.10,0.00,3.98
709000,31.81,-0.03,3.98,-0.10,0.00,3.98
709500,31.81,0.00,3.98,-0.10,0.00,3.98
710000,31.81,-0.02,3.98,-0.20,0.00,3.98
710500,31.75,-0.01,3.99,-0.40,0.00,3.99
711000,31.75,-0.02,3.98,-0.20,0.00,3.98
711500,31.75,0.00,3.99,0.00,0.00,3.99
712000,31.75,-0.01,3.98,-0.20,0.00,3.98
712500,31.81,-0.01,3.98,0.00,0.00,3.98
713000,31.81,-0.02,3.98,-0.10,0.00,3.98
713500,31.81,0.00,3.98,-0.10,0.00,3.98
714000,31.81,0.00,3.98,-0.10,0.00,3.98
714500,31.81,-0.01,3.98,-0.30,0.00,3.98
715000,31.81,0.02,3.98,-0.20,0.00,3.98
715500,31.81,0.00,3.98,-0.20,0.00,3.98
716000,31.81,-0.02,3.98,-0.20,0.00,3.98
716500,31.81,0.00,3.99,0.00,0.00,3.99
717000,31.81,-0.02,3.98,-0.10,0.00,3.98
717500,31.81,-0.02,3.98,-0.10,0.00,3.98
718000,31.81,-0.01,3.98,-0.30,0.00,3.98
718500,31.81,-0.01,3.98,-0.20,0.00,3.98
719000,31.75,-0.01,3.98,-0.30,0.00,3.98
719500,31.81,0.00,3.98,-0.10,0.00,3.98
720000,31.75,-0.01,3.98,-0.40,0.00,3.98
720500,31.75,-0.01,3.98,0.00,0.00,3.98
721000,31.75,-0.03,3.99,-0.20,0.00,3.99
721500,31.75,-0.03,3.98,0.10,0.00,3.98
722000,31.75,-0.01,3.99,-0.10,0.00,3.99
722500,31.75,-0.02,3.98,0.00,0.00,3.98
723000,31.75,-0.02,3.98,-0.10,0.00,3.98
723500,31.69,0.02,3.98,-0.20,0.00,3.98
724000,31.69,-0.01,3.98,-0.20,0.00,3.98
724500,31.69,0.00,3.98,-0.10,0.00,3.98
725000,31.69,-0.03,3.98,-0.10,0.00,3.98
725500,31.69,-0.03,3.98,-0.30,0.00,3.98
726000,31.69,-0.01,3.99,-0.20,0.00,3.99
726500,31.62,-0.03,3.98,0.10,0.00,3.98
727000,31.62,-0.02,3.98,-0.20,0.00,3.98
727500,31.62,-0.01,3.99,0.00,0.00,3.99
728000,31.62,-0.02,3.98,0.00,0.00,3.98
728500,31.62,-0.01,3.98,0.00,0.00,3.98
729000,31.62,-0.02,3.98,0.10,0.00,3.98
729500,31.62,0.00,3.98,-0.20,0.00,3.98
730000,31.62,-0.02,3.98,0.00,0.00,3.98
730500,31.62,-0.02,3.98,-0.20,0.00,3.98
731000,31.62,-0.02,3.98,0.00,0.00,3.98
731500,31.56,-0.02,3.98,-0.20,0.00,3.98
732000,31.56,-0.01,3.98,-0.20,0.00,3.98
732500,31.62,-0.03,3.98,-0.20,0.00,3.98
733000,31.56,-0.01,3.98,0.00,0.00,3.98
733500,31.56,0.00,3.98,0.00,0.00,3.98
734000,31.56,0.00,3.98,-0.20,0.00,3.98
734500,31.56,0.01,3.98,-0.10,0.00,3.98
735000,31.56,-0.04,3.98,-0.20,0.00,3.98
735500,31.56,-0.01,3.99,0.00,0.00,3.99
736000,31.56,0.00,3.98,-0.10,0.00,3.98
736500,31.56,-0.01,3.98,0.00,0.00,3.98
737000,31.56,-0.02,3.99,-0.40,0.00,3.99
737500,31.56,-0.03,3.98,0.20,0.00,3.98
738000,31.50,-0.02,3.98,-0.10,0.00,3.98
738500,31.50,-0.02,3.98,0.10,0.00,3.98
739000,31.50,-0.03,3.98,0.00,0.00,3.98
739500,31.44,-0.02,3.98,-0.10,0.00,3.98
740000,31.44,-0.05,3.98,0.10,0.00,3.98
740500,31.44,-0.02,3.99,0.00,0.00,3.99
741000,31.37,-0.02,3.98,-0.10,0.00,3.98
741500,31.37,-0.03,3.98,0.10,0.00,3.98
742000,31.37,-0.04,3.99,-0.40,0.00,3.99
742500,31.31,-0.02,3.98,0.00,0.00,3.98
743000,31.31,-0.01,3.99,-0.30,0.00,3.99
743500,31.31,-0.02,3.99,-0.20,0.00,3.99
744000,31.31,0.00,3.98,-0.10,0.00,3.98
744500,31.31,-0.01,3.98,0.00,0.00,3.98
745000,31.31,0.00,3.99,-0.30,0.00,3.99
745500,31.31,-0.04,3.98,0.10,0.00,3.98
746000,31.31,0.00,3.98,0.00,0.00,3.98
746500,31.31,-0.01,3.98,-0.10,0.00,3.98
747000,31.31,0.00,3.98,-0.20,0.00,3.98
747500,31.31,-0.02,3.98,-0.20,0.00,3.98
748000,31.31,-0.01,3.98,0.10,0.00,3.98
748500,31.31,-0.05,3.99,0.20,0.00,3.99
749000,31.25,0.00,3.98,-0.10,0.00,3.98
749500,31.31,-0.02,3.99,-0.20,0.00,3.99
750000,31.31,-0.02,3.98,-0.20,0.00,3.98
750500,31.31,0.01,3.98,-0.30,0.00,3.98
751000,31.31,0.00,3.99,0.10,0.00,3.99
751500,31.31,0.00,3.98,-0.40,0.00,3.98
752000,31.31,-0.05,3.98,-0.10,0.00,3.98
752500,31.31,-0.03,3.98,-0.10,0.00,3.98
753000,31.31,-0.01,3.99,-0.20,0.00,3.99
753500,31.31,-0.01,3.99,-0.30,0.00,3.99
754000,31.31,-0.01,3.99,-0.20,0.00,3.99
754500,31.25,-0.02,3.98,0.00,0.00,3.98
755000,31.19,-0.03,3.98,-0.10,0.00,3.98
755500,31.19,0.00,3.98,0.00,0.00,3.98
756000,31.12,-0.01,3.99,-0.10,0.00,3.99
756500,31.19,0.00,3.98,0.10,0.00,3.98
757000,31.19,-0.04,3.98,-0.20,0.00,3.98
757500,31.19,0.00,3.98,-0.20,0.00,3.98
758000,31.19,-0.01,3.98,0.00,0.00,3.98
758500,31.19,-0.02,3.98,-0.10,0.00,3.98
759000,31.19,-0.02,3.98,-0.10,0.00,3.98
759500,31.19,0.01,3.98,0.00,0.00,3.98
760000,31.19,-0.04,3.99,0.10,0.00,3.99
760500,31.19,-0.01,3.98,0.10,0.00,3.98
761000,31.19,-0.02,3.98,-0.50,0.00,3.98
761500,31.12,-0.01,3.98,-0.30,0.00,3.98
762000,31.12,0.00,3.98,-0.10,0.00,3.98
762500,31.12,0.01,3.98,-0.20,0.00,3.98
763000,31.12,-0.02,3.99,0.10,0.00,3.99
763500,31.12,-0.01,3.98,-0.20,0.00,3.98
764000,31.12,-0.02,3.98,-0.10,0.00,3.98
764500,31.12,0.02,3.98,-0.20,0.00,3.98
765000,31.12,-0.02,3.98,0.10,0.00,3.98
765500,31.19,-0.01,3.98,-0.30,0.00,3.98
766000,31.19,0.01,3.98,-0.10,0.00,3.98
766500,31.12,-0.01,3.98,-0.10,0.00,3.98
767000,31.12,0.01,3.99,-0.70,0.00,3.99
767500,31.12,-0.03,3.99,0.00,0.00,3.99
768000,31.12,-0.01,3.99,-0.10,0.00,3.99
768500,31.06,-0.02,3.98,0.00,0.00,3.98
769000,31.12,-0.01,3.98,-0.20,0.00,3.98
769500,31.06,-0.03,3.98,-0.30,0.00,3.98
770000,31.06,-0.04,3.98,0.10,0.00,3.98
770500,31.06,-0.03,3.99,0.00,0.00,3.99
771000,31.06,-0.01,3.99,0.00,0.00,3.99
771500,31.06,-0.01,3.98,-0.30,0.00,3.98
772000,31.12,-0.01,3.98,-0.20,0.00,3.98
772500,31.06,-0.02,3.99,-0.10,0.00,3.99
773000,31.06,-0.02,3.99,-0.20,0.00,3.99
773500,31.06,-0.02,3.98,-0.20,0.00,3.98
774000,31.06,-0.03,3.99,-0.30,0.00,3.99
774500,31.06,-0.02,3.98,0.00,0.00,3.98
775000,31.06,-0.03,3.98,-0.10,0.00,3.98
775500,31.06,-0.03,3.98,-0.20,0.00,3.98
776000,31.06,-0.01,3.98,0.00,0.00,3.98
776500,31.00,-0.03,3.98,-0.20,0.00,3.98
777000,31.00,-0.02,3.98,0.00,0.00,3.98
777500,31.00,-0.01,3.98,-0.10,0.00,3.98
778000,31.06,-0.02,3.98,-0.20,0.00,3.98
778500,31.06,0.00,3.98,-0.20,0.00,3.98
779000,31.00,0.00,3.98,0.00,0.00,3.98
779500,31.00,-0.02,3.98,0.20,0.00,3.98
780000,31.00,0.00,3.99,-0.10,0.00,3.99
780500,31.00,-0.01,3.98,-0.30,0.00,3.98
781000,31.00,-0.03,3.98,-0.30,0.00,3.98
781500,31.00,-0.01,3.98,-0.20,0.00,3.98
782000,31.00,-0.01,3.98,-0.40,0.00,3.98
782500,31.00,-0.03,3.98,0.00,0.00,3.98
783000,31.00,-0.01,3.98,-0.10,0.00,3.98
783500,30.94,0.01,3.98,-0.10,0.00,3.98
784000,30.94,152.16,0.05,1521.30,78.00,0.20
784500,30.94,156.26,0.06,1562.50,88.00,0.21
785000,30.94,157.40,0.06,1574.00,82.00,0.21
785500,30.94,156.86,0.05,1565.10,82.00,0.21
786000,30.94,152.31,0.05,1526.10,78.00,0.20
786500,30.94,156.70,0.05,1552.60,82.00,0.21
787000,30.94,151.41,0.05,1518.10,78.00,0.20
787500,30.94,151.19,0.05,1509.00,78.00,0.20
788000,30.87,150.52,0.05,1505.00,72.00,0.20
788500,30.94,157.97,0.06,1581.40,82.00,0.21
789000,30.87,152.10,0.05,1522.70,78.00,0.20
789500,30.87,152.78,0.05,1519.30,78.00,0.20
790000,30.87,150.40,0.05,1502.90,78.00,0.20
790500,30.87,158.11,0.06,1577.30,88.00,0.21
791000,30.87,157.87,0.05,1577.70,82.00,0.21
791500,30.87,157.33,0.06,1582.20,88.00,0.21
792000,30.87,158.66,0.05,1579.10,82.00,0.21
792500,30.87,158.69,0.05,1588.40,88.00,0.21
793000,30.87,158.63,0.06,1585.70,88.00,0.21
793500,30.87,159.40,0.05,1596.30,88.00,0.21
794000,30.87,159.06,0.06,1595.80,82.00,0.22
794500,30.87,160.42,0.05,1600.80,82.00,0.21
795000,30.87,160.37,0.05,1603.50,88.00,0.21
795500,30.87,160.43,0.06,1603.30,88.00,0.22
796000,30.87,158.86,0.06,1588.20,88.00,0.21
796500,30.87,159.95,0.06,1599.10,88.00,0.22
797000,30.87,161.35,0.06,1617.20,98.00,0.22
797500,30.87,161.56,0.06,1620.20,92.00,0.22
798000,30.87,163.39,0.05,1633.70,92.00,0.22
798500,30.87,162.01,0.06,1622.90,86.00,0.22
799000,30.87,161.95,0.06,1624.10,92.00,0.22
799500,30.94,163.40,0.06,1632.70,92.00,0.22
800000,30.94,162.31,0.06,1630.90,92.00,0.22
800500,30.94,160.64,0.06,1592.60,82.00,0.22
801000,30.94,160.91,0.05,1608.70,88.00,0.21
801500,30.94,162.47,0.06,1626.00,98.00,0.22
802000,30.94,161.41,0.05,1615.40,86.00,0.21
802500,30.94,162.61,0.06,1615.30,92.00,0.22
803000,30.94,162.44,0.06,1624.60,92.00,0.22
803500,30.94,164.73,0.06,1641.90,92.00,0.22
804000,30.94,161.38,0.06,1608.20,86.00,0.22
804500,31.00,163.68,0.05,1641.90,92.00,0.22
805000,31.00,163.63,0.06,1636.40,92.00,0.22
805500,31.00,162.82,0.06,1624.20,92.00,0.22
806000,30.94,162.38,0.05,1624.20,92.00,0.21
806500,30.94,163.76,0.06,1637.10,92.00,0.22
807000,31.00,163.75,0.06,1630.90,92.00,0.22
807500,31.00,162.73,0.06,1629.80,92.00,0.22
808000,30.94,163.09,0.06,1652.80,92.00,0.22
808500,30.94,164.04,0.06,1640.10,92.00,0.22
809000,30.94,164.76,0.06,1648.20,92.00,0.22
809500,31.00,163.19,0.06,1632.20,92.00,0.22
810000,30.94,164.50,0.05,1643.30,92.00,0.22
810500,30.94,162.41,0.06,1638.90,92.00,0.22
811000,30.94,164.09,0.06,1641.30,92.00,0.22
811500,30.94,163.51,0.06,1636.50,92.00,0.22
812000,30.94,163.59,0.06,1637.70,98.00,0.22
812500,30.94,164.84,0.06,1669.80,102.00,0.22
813000,30.94,165.04,0.06,1649.70,98.00,0.22
813500,30.94,164.22,0.05,1640.50,86.00,0.22
814000,30.94,163.49,0.06,1635.30,92.00,0.22
814500,30.94,164.78,0.06,1644.80,98.00,0.22
815000,30.94,167.16,0.06,1671.40,102.00,0.23
815500,30.94,163.94,0.06,1638.70,92.00,0.22
816000,30.94,165.71,0.06,1626.60,92.00,0.22
816500,30.94,164.68,0.06,1647.60,92.00,0.22
817000,30.94,166.29,0.06,1628.80,92.00,0.23
817500,30.87,165.83,0.06,1658.50,98.00,0.22
818000,30.94,167.45,0.06,1675.40,96.00,0.23
818500,30.87,167.82,0.06,1678.70,102.00,0.23
819000,30.87,166.12,0.06,1658.40,92.00,0.23
819500,30.94,168.83,0.06,1685.10,102.00,0.23
820000,30.94,165.54,0.06,1653.50,92.00,0.22
820500,30.94,165.57,0.06,1655.30,92.00,0.23
821000,30.94,166.72,0.06,1666.40,102.00,0.23
821500,30.94,165.63,0.06,1656.40,92.00,0.23
822000,30.94,165.81,0.06,1659.40,92.00,0.22
822500,30.94,166.99,0.06,1670.00,102.00,0.23
823000,30.94,167.99,0.06,1680.70,96.00,0.23
823500,30.94,165.56,0.06,1654.80,98.00,0.22
824000,30.94,168.49,0.06,1674.00,102.00,0.22
824500,30.94,166.89,0.06,1667.50,92.00,0.23
825000,30.94,166.61,0.06,1666.10,102.00,0.22
825500,30.94,166.98,0.06,1669.00,102.00,0.23
826000,30.94,166.37,0.06,1664.20,98.00,0.23
826500,31.00,166.76,0.06,1667.30,92.00,0.23
827000,31.00,167.11,0.06,1669.60,102.00,0.22
827500,31.00,169.10,0.06,1687.40,102.00,0.23
828000,31.00,166.92,0.06,1662.70,98.00,0.23
828500,31.00,167.73,0.06,1675.80,96.00,0.23
829000,31.00,167.34,0.06,1672.70,102.00,0.23
829500,31.00,167.81,0.06,1677.70,96.00,0.23
830000,31.00,165.61,0.06,1662.60,98.00,0.22
830500,31.00,166.46,0.06,1667.80,96.00,0.23
831000,31.00,166.62,0.06,1658.00,92.00,0.23
831500,31.00,168.96,0.06,1689.70,102.00,0.23
832000,31.00,168.26,0.06,1685.50,102.00,0.23
832500,31.06,168.49,0.06,1685.00,96.00,0.22
833000,31.00,169.22,0.06,1692.20,102.00,0.23
833500,31.00,168.81,0.06,1688.70,102.00,0.23
834000,31.00,170.06,0.06,1701.50,102.00,0.23
834500,31.00,168.34,0.06,1670.60,96.00,0.23
835000,31.00,169.70,0.06,1696.60,102.00,0.23
835500,31.00,170.21,0.06,1702.50,102.00,0.23
836000,31.00,170.47,0.06,1705.50,108.00,0.23
836500,31.00,169.58,0.06,1696.60,102.00,0.23
837000,31.00,169.94,0.06,1699.70,96.00,0.23
837500,31.06,168.61,0.06,1685.40,102.00,0.23
838000,31.06,169.98,0.06,1700.30,102.00,0.23
838500,31.00,169.95,0.06,1699.20,102.00,0.23
839000,31.06,170.13,0.06,1700.60,102.00,0.23
839500,31.06,170.26,0.06,1702.70,102.00,0.23
840000,31.06,170.76,0.06,1707.00,96.00,0.23
840500,31.06,170.90,0.06,1708.80,96.00,0.23
841000,31.06,169.32,0.06,1692.80,102.00,0.23
841500,31.06,170.59,0.06,1705.60,102.00,0.23
842000,31.06,170.73,0.06,1707.60,102.00,0.23
842500,31.06,170.49,0.06,1704.90,102.00,0.23
843000,31.06,170.38,0.06,1704.00,102.00,0.23
843500,31.12,171.01,0.06,1708.10,108.00,0.23
844000,31.12,170.51,0.06,1705.60,102.00,0.23
844500,31.12,170.46,0.06,1704.70,102.00,0.23
845000,31.12,169.90,0.06,1699.00,102.00,0.23
845500,31.12,170.67,0.06,1705.70,102.00,0.23
846000,31.12,170.55,0.06,1705.50,102.00,0.23
846500,31.12,170.29,0.06,1701.50,102.00,0.23
847000,31.12,170.71,0.06,1710.70,102.00,0.23
847500,31.12,171.36,0.06,1714.30,102.00,0.23
848000,31.12,171.57,0.06,1714.60,102.00,0.23
848500,31.12,170.96,0.06,1709.80,108.00,0.23
849000,31.12,170.99,0.06,1716.50,104.00,0.23
849500,31.12,172.14,0.06,1705.90,102.00,0.23
850000,31.12,172.03,0.06,1717.00,102.00,0.23
850500,31.12,172.12,0.06,1712.30,102.00,0.23
851000,31.12,171.05,0.06,1710.70,102.00,0.23
851500,31.12,170.22,0.06,1702.00,102.00,0.23
852000,31.19,171.94,0.06,1709.80,102.00,0.23
852500,31.19,170.74,0.06,1705.80,104.00,0.23
853000,31.12,170.33,0.06,1701.00,102.00,0.23
853500,31.12,170.35,0.06,1702.20,102.00,0.23
854000,31.12,170.02,0.06,1700.60,102.00,0.23
854500,31.12,170.47,0.06,1706.30,102.00,0.23
855000,31.19,170.71,0.06,1707.40,102.00,0.23
855500,31.12,169.90,0.06,1700.10,102.00,0.23
856000,31.19,167.12,0.06,1680.90,102.00,0.22
856500,31.19,170.68,0.06,1707.10,102.00,0.23
857000,31.19,170.89,0.06,1709.10,108.00,0.23
857500,31.25,170.34,0.06,1700.50,102.00,0.23
858000,31.25,169.91,0.06,1699.40,102.00,0.23
858500,31.25,170.40,0.06,1701.10,96.00,0.23
859000,31.25,171.70,0.06,1732.20,112.00,0.23
859500,31.19,169.52,0.06,1694.00,102.00,0.23
860000,31.25,169.52,0.06,1695.00,104.00,0.23
860500,31.25,170.60,0.06,1705.40,102.00,0.23
861000,31.25,170.89,0.06,1709.30,102.00,0.23
861500,31.31,169.86,0.06,1697.80,102.00,0.23
862000,31.25,169.05,0.06,1687.20,96.00,0.23
862500,31.31,172.74,0.06,1740.40,112.00,0.24
863000,31.25,169.80,0.06,1689.80,96.00,0.23
863500,31.31,170.54,0.06,1698.10,108.00,0.23
864000,31.31,170.95,0.06,1708.90,102.00,0.23
864500,31.31,174.78,0.06,1721.20,104.00,0.24
865000,31.31,173.73,0.06,1742.10,104.00,0.23
865500,31.31,168.94,0.06,1690.80,102.00,0.23
866000,31.31,169.90,0.06,1696.60,102.00,0.23
866500,31.31,169.21,0.06,1691.90,102.00,0.23
867000,31.31,171.27,0.06,1716.90,102.00,0.23
867500,31.31,168.56,0.06,1684.40,102.00,0.23
868000,31.31,172.22,0.06,1721.10,104.00,0.24
868500,31.31,169.28,0.06,1693.10,102.00,0.23
869000,31.37,170.19,0.06,1700.90,102.00,0.23
869500,31.37,169.94,0.06,1704.40,102.00,0.23
870000,31.37,169.83,0.06,1693.10,102.00,0.23
870500,31.37,170.89,0.06,1707.90,102.00,0.23
871000,31.37,170.18,0.06,1703.10,102.00,0.23
871500,31.37,170.64,0.06,1706.80,96.00,0.23
872000,31.37,174.61,0.06,1711.00,102.00,0.23
872500,31.37,171.33,0.06,1712.90,102.00,0.24
873000,31.37,170.93,0.06,1708.80,102.00,0.23
873500,31.37,175.13,0.06,1744.80,104.00,0.24
874000,31.44,167.15,0.06,1670.50,98.00,0.23
874500,31.44,171.31,0.06,1713.40,96.00,0.23
875000,31.37,171.50,0.06,1715.70,102.00,0.23
875500,31.44,175.86,0.06,1748.40,112.00,0.24
876000,31.44,172.46,0.06,1723.20,112.00,0.23
876500,31.44,174.79,0.06,1730.30,104.00,0.23
877000,31.44,172.93,0.06,1728.80,104.00,0.24
877500,31.44,172.87,0.06,1728.80,112.00,0.23
878000,31.50,176.02,0.06,1760.10,112.00,0.24
878500,31.50,175.39,0.06,1754.20,104.00,0.24
879000,31.50,175.98,0.06,1760.50,104.00,0.24
879500,31.50,175.85,0.06,1758.20,112.00,0.24
880000,31.50,175.23,0.06,1753.10,112.00,0.24
880500,31.50,169.22,0.06,1693.80,96.00,0.23
881000,31.56,174.40,0.06,1741.00,112.00,0.24
881500,31.56,171.23,0.06,1712.20,102.00,0.23
882000,31.56,171.67,0.06,1712.40,102.00,0.23
882500,31.56,171.34,0.06,1712.40,102.00,0.24
883000,31.56,173.29,0.06,1732.90,104.00,0.23
883500,31.56,168.28,0.06,1685.30,96.00,0.22
884000,31.56,173.04,0.06,1729.70,104.00,0.23
884500,31.62,172.60,0.06,1724.50,104.00,0.23
885000,31.56,171.71,0.06,1712.10,102.00,0.23
885500,31.56,170.27,0.06,1707.80,102.00,0.23
886000,31.62,169.67,0.06,1696.00,96.00,0.23
886500,31.62,171.58,0.06,1717.20,112.00,0.23
887000,31.62,170.12,0.06,1697.90,102.00,0.23
887500,31.62,170.39,0.06,1704.20,96.00,0.23
888000,31.62,168.88,0.06,1688.10,102.00,0.23
888500,31.62,169.03,0.06,1690.30,102.00,0.23
889000,31.69,176.27,0.06,1756.80,112.00,0.24
889500,31.69,172.39,0.06,1724.30,104.00,0.23
890000,31.62,170.60,0.06,1710.90,102.00,0.23
890500,31.62,171.41,0.06,1717.20,102.00,0.23
891000,31.69,171.65,0.06,1715.90,102.00,0.23
891500,31.69,173.31,0.06,1732.70,104.00,0.23
892000,31.69,174.47,0.06,1745.70,112.00,0.23
892500,31.69,175.55,0.06,1755.60,112.00,0.24
893000,31.75,175.93,0.06,1758.70,112.00,0.24
893500,31.69,177.11,0.07,1771.00,114.00,0.25
894000,31.69,175.17,0.06,1751.10,104.00,0.24
894500,31.75,175.91,0.06,1769.70,114.00,0.24
895000,31.75,174.63,0.06,1762.30,112.00,0.23
895500,31.75,176.34,0.06,1767.00,114.00,0.24
896000,31.75,176.18,0.06,1768.40,104.00,0.24
896500,31.75,177.17,0.06,1770.90,104.00,0.24
897000,31.81,174.56,0.06,1747.40,112.00,0.23
897500,31.81,176.64,0.06,1767.00,114.00,0.24
898000,31.81,173.92,0.06,1738.70,112.00,0.24
898500,31.81,176.03,0.06,1760.00,104.00,0.24
899000,31.81,176.34,0.06,1764.90,112.00,0.24
899500,31.81,176.30,0.06,1762.90,112.00,0.24
900000,31.81,176.62,0.06,1766.70,114.00,0.24
900500,31.81,179.11,0.06,1791.60,114.00,0.24
901000,31.87,177.94,0.06,1781.00,114.00,0.24
901500,31.87,180.08,0.06,1799.00,122.00,0.24
902000,31.81,180.08,0.07,1796.80,114.00,0.25
902500,31.87,180.32,0.07,1803.20,114.00,0.25
903000,31.87,180.14,0.07,1791.60,114.00,0.25
903500,31.87,178.15,0.06,1782.10,114.00,0.24
904000,31.87,179.77,0.06,1798.40,114.00,0.24
904500,31.87,179.54,0.06,1797.20,114.00,0.24
905000,31.87,180.38,0.06,1803.70,114.00,0.24
905500,31.87,179.05,0.07,1790.60,114.00,0.25
906000,31.87,180.67,0.07,1807.10,114.00,0.25
906500,31.87,180.36,0.06,1803.50,114.00,0.24
907000,31.87,180.07,0.06,1800.90,114.00,0.24
907500,31.87,180.53,0.06,1803.50,114.00,0.24
908000,31.87,180.45,0.06,1803.90,122.00,0.24
908500,31.87,180.19,0.06,1801.70,114.00,0.24
909000,31.87,178.62,0.06,1793.60,114.00,0.24
909500,31.87,178.73,0.06,1786.50,114.00,0.24
910000,31.87,176.96,0.06,1771.80,114.00,0.24
910500,31.87,175.62,0.06,1757.70,112.00,0.24
911000,31.94,177.45,0.06,1769.90,114.00,0.24
911500,31.94,176.78,0.06,1773.40,114.00,0.24
912000,31.94,175.20,0.06,1753.20,104.00,0.24
912500,31.94,175.98,0.06,1758.30,112.00,0.24
913000,32.00,175.56,0.06,1754.70,104.00,0.24
913500,32.00,175.87,0.06,1758.20,112.00,0.24
914000,32.00,177.17,0.06,1770.00,114.00,0.24
914500,32.00,177.91,0.06,1762.40,112.00,0.24
915000,32.00,181.29,0.07,1784.70,122.00,0.25
915500,32.00,177.29,0.06,1771.60,114.00,0.24
916000,32.00,175.92,0.06,1755.60,112.00,0.24
916500,32.00,175.82,0.06,1756.40,104.00,0.24
917000,32.00,176.17,0.06,1764.50,112.00,0.24
917500,32.06,178.47,0.06,1784.10,114.00,0.24
918000,32.06,179.38,0.06,1781.70,114.00,0.24
918500,32.00,176.41,0.06,1770.30,114.00,0.24
919000,32.06,176.73,0.06,1767.60,104.00,0.24
919500,32.06,177.17,0.06,1771.60,104.00,0.24
920000,32.06,180.83,0.07,1808.10,114.00,0.25
920500,32.13,179.79,0.06,1798.50,114.00,0.24
921000,32.13,178.41,0.06,1783.10,114.00,0.24
921500,32.13,178.70,0.06,1783.00,108.00,0.24
922000,32.06,181.56,0.06,1784.30,114.00,0.25
922500,32.13,177.20,0.06,1768.90,122.00,0.24
923000,32.13,177.77,0.06,1766.70,122.00,0.24
923500,32.13,174.37,0.06,1741.70,112.00,0.23
924000,32.13,175.94,0.06,1760.30,112.00,0.24
924500,32.13,177.66,0.06,1768.80,114.00,0.24
925000,32.19,175.84,0.06,1751.90,104.00,0.24
925500,32.19,177.26,0.07,1771.70,114.00,0.25
926000,32.19,177.88,0.06,1777.10,114.00,0.24
926500,32.19,177.72,0.06,1778.40,114.00,0.24
927000,32.19,177.83,0.06,1779.20,114.00,0.24
927500,32.25,178.07,0.06,1781.80,114.00,0.24
928000,32.25,176.32,0.06,1763.80,104.00,0.24
928500,32.31,175.58,0.06,1763.50,104.00,0.24
929000,32.31,178.14,0.06,1779.70,108.00,0.24
929500,32.31,179.25,0.06,1785.10,114.00,0.24
930000,32.31,179.01,0.06,1791.30,114.00,0.24
930500,32.31,179.11,0.06,1796.40,114.00,0.24
931000,32.38,180.69,0.07,1807.70,114.00,0.25
931500,32.38,179.57,0.07,1792.80,114.00,0.25
932000,32.38,179.87,0.06,1808.60,124.00,0.24
932500,32.38,180.31,0.07,1847.70,124.00,0.25
933000,32.38,185.22,0.07,1844.60,128.00,0.25
933500,32.38,180.32,0.06,1806.10,114.00,0.24
934000,32.44,179.52,0.06,1795.90,114.00,0.24
934500,32.44,181.12,0.06,1811.20,114.00,0.25
935000,32.50,179.21,0.06,1787.70,114.00,0.24
935500,32.50,179.10,0.06,1788.10,114.00,0.24
936000,32.50,177.69,0.06,1772.30,114.00,0.24
936500,32.50,178.18,0.06,1780.60,114.00,0.24
937000,32.50,176.74,0.06,1771.90,112.00,0.24
937500,32.50,175.32,0.06,1762.60,112.00,0.24
938000,32.50,176.56,0.06,1766.40,114.00,0.24
938500,32.50,183.92,0.06,1838.80,118.00,0.25
939000,32.50,175.36,0.06,1757.60,112.00,0.24
939500,32.56,178.97,0.06,1787.10,114.00,0.24
940000,32.56,177.58,0.06,1775.70,114.00,0.24
940500,32.56,178.25,0.06,1781.90,114.00,0.24
941000,32.63,178.33,0.06,1783.80,114.00,0.24
941500,32.63,181.02,0.06,1811.50,114.00,0.25
942000,32.63,180.27,0.06,1803.80,108.00,0.24
942500,32.63,180.41,0.06,1804.20,114.00,0.24
943000,32.63,180.42,0.06,1804.90,114.00,0.24
943500,32.63,178.77,0.06,1791.90,108.00,0.24
944000,32.63,180.86,0.06,1809.20,114.00,0.24
944500,32.69,178.77,0.06,1788.40,114.00,0.24
945000,32.69,177.89,0.07,1783.50,114.00,0.25
945500,32.69,179.73,0.06,1795.40,122.00,0.24
946000,32.69,180.58,0.06,1803.50,114.00,0.24
946500,32.75,178.58,0.06,1786.00,114.00,0.24
947000,32.69,179.40,0.06,1793.10,114.00,0.24
947500,32.69,178.27,0.06,1782.20,114.00,0.24
948000,32.69,178.85,0.06,1788.80,114.00,0.24
948500,32.69,178.63,0.06,1786.10,122.00,0.24
949000,32.69,177.86,0.06,1777.50,114.00,0.24
949500,32.69,180.27,0.07,1801.60,114.00,0.25
950000,32.69,179.92,0.06,1800.00,114.00,0.24
950500,32.75,179.18,0.07,1791.60,114.00,0.25
951000,32.75,181.32,0.06,1810.80,114.00,0.25
951500,32.75,176.36,0.06,1771.90,122.00,0.24
952000,32.81,181.09,0.06,1807.20,114.00,0.25
952500,32.75,182.87,0.06,1828.60,124.00,0.25
953000,32.75,180.56,0.06,1808.10,114.00,0.24
953500,32.81,183.83,0.06,1816.10,114.00,0.25
954000,32.81,181.43,0.06,1814.10,114.00,0.25
954500,32.88,179.08,0.07,1790.60,114.00,0.25
955000,32.88,178.25,0.07,1780.80,122.00,0.25
955500,32.88,178.16,0.06,1778.90,114.00,0.24
956000,32.88,180.21,0.07,1804.20,114.00,0.25
956500,32.94,180.92,0.07,1808.60,114.00,0.25
957000,32.94,179.77,0.07,1820.00,124.00,0.25
957500,32.94,182.12,0.07,1820.80,124.00,0.25
958000,32.94,181.01,0.06,1853.30,124.00,0.25
958500,32.94,183.77,0.06,1830.50,124.00,0.25
959000,32.94,179.90,0.06,1798.50,114.00,0.24
959500,32.94,178.87,0.06,1786.10,114.00,0.24
960000,32.94,180.81,0.07,1806.70,122.00,0.25
960500,32.94,182.91,0.07,1827.90,118.00,0.25
961000,33.00,180.86,0.06,1809.10,124.00,0.24
961500,33.00,182.19,0.06,1803.70,128.00,0.25
962000,32.94,178.89,0.06,1785.10,108.00,0.24
962500,33.00,180.37,0.07,1800.90,114.00,0.25
963000,33.00,179.23,0.06,1791.70,114.00,0.24
963500,33.00,179.36,0.06,1790.50,114.00,0.24
964000,33.00,180.17,0.06,1801.50,122.00,0.24
964500,33.06,184.72,0.07,1847.50,124.00,0.25
965000,33.06,0.02,3.99,-0.10,0.00,3.99
965500,33.06,0.00,3.99,0.20,0.00,3.99
966000,33.06,-0.01,3.99,0.20,0.00,3.99
966500,33.06,-0.01,3.99,-0.10,0.00,3.99
967000,33.06,-0.01,3.99,0.10,0.00,3.99
967500,33.13,-0.02,3.99,0.10,0.00,3.99
968000,33.06,-0.03,3.99,0.10,0.00,3.99
968500,33.13,-0.01,3.99,-0.10,0.00,3.99
969000,33.13,0.00,3.98,0.00,0.00,3.98
969500,33.13,0.01,3.99,0.00,0.00,3.99
970000,33.13,-0.01,3.99,0.10,0.00,3.99
970500,33.19,-0.01,3.99,-0.10,0.00,3.99
971000,33.19,-0.02,3.99,-0.40,0.00,3.99
971500,33.19,0.00,3.99,-0.20,0.00,3.99
972000,33.19,0.01,3.99,-0.20,0.00,3.99
972500,33.19,0.01,3.99,0.10,0.00,3.99
973000,33.25,-0.03,3.99,0.00,0.00,3.99
973500,33.25,0.01,3.98,0.00,0.00,3.98
974000,33.25,0.01,3.99,0.10,0.00,3.99
974500,33.25,-0.02,3.99,0.00,0.00,3.99
975000,33.25,-0.01,3.99,0.10,0.00,3.99
975500,33.25,0.01,3.98,0.20,0.00,3.98
976000,33.25,0.03,3.99,-0.10,0.00,3.99
976500,33.31,0.03,3.99,-0.20,0.00,3.99
977000,33.31,0.00,3.99,-0.10,0.00,3.99
977500,33.31,-0.03,3.98,-0.10,0.00,3.98
978000,33.31,0.00,3.99,-0.10,0.00,3.99
978500,33.31,-0.02,3.98,-0.20,0.00,3.98
979000,33.31,0.00,3.99,0.20,0.00,3.99
979500,33.31,-0.03,3.99,0.10,0.00,3.99
980000,33.31,-0.02,3.98,-0.20,0.00,3.98
980500,33.31,-0.03,3.98,-0.10,0.00,3.98
981000,33.38,-0.01,3.99,0.10,0.00,3.99
981500,33.38,-0.01,3.99,0.00,0.00,3.99
982000,33.38,0.00,3.98,0.10,0.00,3.98
982500,33.38,-0.01,3.98,0.00,0.00,3.98
983000,33.38,0.03,3.98,-0.10,0.00,3.98
983500,33.44,-0.04,3.99,0.00,0.00,3.99
984000,33.44,-0.01,3.98,-0.10,0.00,3.98
984500,33.44,0.00,3.98,-0.10,0.00,3.98
985000,33.44,0.00,3.98,0.10,0.00,3.98
985500,33.44,-0.02,3.98,0.20,0.00,3.98
986000,33.50,0.00,3.98,0.10,0.00,3.98
986500,33.50,0.02,3.98,0.00,0.00,3.98
987000,33.50,-0.01,3.99,0.00,0.00,3.99
987500,33.50,-0.01,3.99,0.00,0.00,3.99
988000,33.50,-0.04,3.98,-0.20,0.00,3.98
988500,33.50,0.00,3.99,-0.20,0.00,3.99
989000,33.50,0.00,3.99,-0.10,0.00,3.99
989500,33.50,0.00,3.98,-0.30,0.00,3.98
990000,33.50,0.00,3.98,0.10,0.00,3.98
990500,33.50,0.00,3.98,0.00,0.00,3.98
991000,33.50,-0.02,3.99,0.00,0.00,3.99
991500,33.50,0.01,3.98,-0.10,0.00,3.98
992000,33.50,0.00,3.98,-0.10,0.00,3.98
992500,33.56,-0.02,3.98,-0.20,0.00,3.98
993000,33.56,0.00,3.98,0.10,0.00,3.98
993500,33.56,0.00,3.98,-0.10,0.00,3.98
994000,33.56,0.00,3.99,0.00,0.00,3.99
994500,33.56,0.01,3.99,0.10,0.00,3.99
995000,33.56,-0.03,3.99,0.00,0.00,3.99
995500,33.56,-0.01,3.98,-0.40,0.00,3.98
996000,33.56,0.00,3.98,-0.10,0.00,3.98
996500,33.56,0.01,3.98,0.10,0.00,3.98
997000,33.56,0.00,3.98,-0.10,0.00,3.98
997500,33.56,-0.02,3.99,-0.30,0.00,3.99
998000,33.56,-0.01,3.99,0.00,0.00,3.99
998500,33.63,-0.01,3.98,0.00,0.00,3.98
999000,33.63,-0.01,3.98,-0.30,0.00,3.98
999500,33.56,-0.01,3.98,0.20,0.00,3.98
1000000,33.56,0.01,3.98,-0.40,0.00,3.98
1000500,33.56,0.00,3.98,0.00,0.00,3.98
1001000,33.63,0.01,3.98,-0.10,0.00,3.98
1001500,33.63,0.01,3.98,0.10,0.00,3.98
1002000,33.63,0.00,3.99,0.00,0.00,3.99
1002500,33.69,0.00,3.99,0.00,0.00,3.99
1003000,33.69,0.01,3.98,-0.10,0.00,3.98
1003500,33.69,0.01,3.99,0.00,0.00,3.99
1004000,33.69,-0.02,3.99,-0.10,0.00,3.99
1004500,33.69,0.01,3.98,0.20,0.00,3.98
1005000,33.75,-0.01,3.98,0.00,0.00,3.98
1005500,33.75,-0.01,3.99,-0.10,0.00,3.99
1006000,33.75,-0.02,3.99,-0.30,0.00,3.99
1006500,33.75,0.01,3.99,-0.20,0.00,3.99
1007000,33.75,-0.02,3.98,0.10,0.00,3.98
1007500,33.81,-0.02,3.98,-0.10,0.00,3.98
1008000,33.75,0.01,3.98,-0.30,0.00,3.98
1008500,33.81,-0.01,3.98,-0.10,0.00,3.98
1009000,33.81,0.00,3.99,0.30,0.00,3.99
1009500,33.81,-0.01,3.99,-0.30,0.00,3.99
1010000,33.81,0.01,3.98,0.00,0.00,3.98
1010500,33.81,-0.02,3.98,0.00,0.00,3.98
1011000,33.81,0.00,3.99,0.00,0.00,3.99
1011500,33.81,-0.01,3.98,-0.20,0.00,3.98
1012000,33.81,-0.01,3.98,-0.10,0.00,3.98
1012500,33.88,-0.02,3.98,0.00,0.00,3.98
1013000,33.88,-0.01,3.98,-0.10,0.00,3.98
1013500,33.88,-0.01,3.98,-0.10,0.00,3.98
1014000,33.88,-0.02,3.98,0.00,0.00,3.98
1014500,33.88,-0.01,3.99,-0.10,0.00,3.99
1015000,33.88,0.00,3.98,-0.20,0.00,3.98
1015500,33.88,0.00,3.99,0.10,0.00,3.99
1016000,33.88,0.00,3.99,0.00,0.00,3.99
1016500,33.88,0.00,3.98,-0.20,0.00,3.98
1017000,33.88,-0.01,3.99,-0.20,0.00,3.99
1017500,33.94,-0.01,3.98,0.00,0.00,3.98
1018000,33.94,-0.02,3.98,0.00,0.00,3.98
1018500,33.88,-0.02,3.98,-0.10,0.00,3.98
1019000,33.94,-0.01,3.98,-0.10,0.00,3.98
1019500,33.94,0.00,3.98,0.10,0.00,3.98
1020000,33.94,-0.01,3.99,-0.10,0.00,3.99
1020500,33.94,0.01,3.99,0.00,0.00,3.99
1021000,33.94,0.00,3.98,-0.20,0.00,3.98
1021500,33.94,-0.01,3.98,-0.30,0.00,3.98
1022000,34.00,-0.01,3.99,-0.30,0.00,3.99
1022500,34.00,0.00,3.98,0.00,0.00,3.98
1023000,34.00,0.01,3.98,-0.10,0.00,3.98
1023500,34.00,-0.02,3.98,-0.10,0.00,3.98
1024000,34.00,-0.02,3.99,-0.10,0.00,3.99
1024500,34.00,0.00,3.99,0.10,0.00,3.99
1025000,34.00,-0.01,3.98,0.10,0.00,3.98
1025500,34.00,0.00,3.98,-0.20,0.00,3.98
1026000,34.00,-0.01,3.98,-0.20,0.00,3.98
1026500,34.00,-0.02,3.98,0.00,0.00,3.98
1027000,34.00,0.01,3.98,-0.10,0.00,3.98
1027500,34.00,-0.02,3.98,-0.30,0.00,3.98
1028000,34.06,-0.03,3.98,-0.20,0.00,3.98
1028500,34.06,-0.01,3.99,-0.30,0.00,3.99
1029000,34.00,-0.01,3.98,-0.10,0.00,3.98
1029500,34.06,-0.01,3.98,-0.20,0.00,3.98
1030000,34.06,-0.01,3.99,-0.20,0.00,3.99
1030500,34.06,-0.01,3.99,-0.10,0.00,3.99
1031000,34.06,0.00,3.99,-0.20,0.00,3.99
1031500,34.06,0.01,3.99,-0.20,0.00,3.99
1032000,34.06,-0.01,3.99,0.00,0.00,3.99
1032500,34.06,-0.01,3.99,-0.20,0.00,3.99
1033000,34.06,0.02,3.98,-0.30,0.00,3.98
1033500,34.06,-0.02,3.98,-0.20,0.00,3.98
1034000,34.06,-0.02,3.99,-0.30,0.00,3.99
1034500,34.06,0.01,3.99,0.00,0.00,3.99
1035000,34.13,0.03,3.99,0.00,0.00,3.99
1035500,34.06,0.01,3.98,0.10,0.00,3.98
1036000,34.06,-0.02,3.99,-0.40,0.00,3.99
1036500,34.13,-0.02,3.98,-0.10,0.00,3.98
1037000,34.13,-0.01,3.99,-0.20,0.00,3.99
1037500,34.13,-0.02,3.98,-0.20,0.00,3.98
1038000,34.06,-0.01,3.98,0.10,0.00,3.98
1038500,34.06,0.00,3.99,-0.30,0.00,3.99
1039000,34.06,-0.02,3.98,-0.10,0.00,3.98
1039500,34.13,-0.04,3.99,-0.10,0.00,3.99
1040000,34.13,-0.01,3.98,-0.20,0.00,3.98
1040500,34.13,0.00,3.98,-0.30,0.00,3.98
1041000,34.13,0.00,3.99,-0.20,0.00,3.99
1041500,34.13,-0.02,3.99,-0.20,0.00,3.99
1042000,34.13,-0.01,3.98,-0.30,0.00,3.98
1042500,34.13,-0.02,3.99,0.30,0.00,3.99
1043000,34.13,-0.02,3.98,-0.20,0.00,3.98
1043500,34.13,0.00,3.99,-0.10,0.00,3.99
1044000,34.06,-0.03,3.98,-0.10,0.00,3.98
1044500,34.13,-0.02,3.98,0.00,0.00,3.98
1045000,34.06,-0.02,3.98,-0.30,0.00,3.98
1045500,34.13,-0.01,3.99,-0.10,0.00,3.99
1046000,34.06,-0.02,3.99,0.00,0.00,3.99
1046500,34.06,-0.03,3.99,-0.10,0.00,3.99
1047000,34.13,-0.02,3.98,-0.10,0.00,3.98
1047500,34.13,-0.01,3.98,0.00,0.00,3.98
1048000,34.13,0.02,3.98,-0.10,0.00,3.98
1048500,34.13,-0.01,3.99,-0.10,0.00,3.99
1049000,34.13,-0.02,3.98,0.00,0.00,3.98
1049500,34.13,0.01,3.99,-0.30,0.00,3.99
1050000,34.13,-0.02,3.99,-0.10,0.00,3.99
1050500,34.13,0.00,3.98,-0.20,0.00,3.98
1051000,34.13,0.00,3.98,-0.10,0.00,3.98
1051500,34.13,-0.03,3.98,-0.20,0.00,3.98
1052000,34.13,0.00,3.98,-0.20,0.00,3.98
1052500,34.13,-0.01,3.98,0.20,0.00,3.98
1053000,34.13,-0.01,3.98,0.00,0.00,3.98
1053500,34.13,-0.01,3.98,-0.10,0.00,3.98
1054000,34.13,-0.01,3.98,0.00,0.00,3.98
1054500,34.19,0.00,3.98,-0.40,0.00,3.98
1055000,34.19,0.00,3.99,-0.20,0.00,3.99
1055500,34.19,-0.02,3.99,0.00,0.00,3.99
1056000,34.13,-0.02,3.98,0.20,0.00,3.98
1056500,34.13,-0.01,3.98,0.00,0.00,3.98
1057000,34.19,0.00,3.98,-0.20,0.00,3.98
1057500,34.19,0.00,3.99,-0.20,0.00,3.99
1058000,34.19,0.00,3.98,-0.30,0.00,3.98
1058500,34.13,-0.02,3.98,-0.10,0.00,3.98
1059000,34.13,-0.02,3.99,0.00,0.00,3.99
1059500,34.19,-0.02,3.98,0.10,0.00,3.98
1060000,34.19,0.00,3.99,-0.20,0.00,3.99
1060500,34.19,-0.01,3.98,0.00,0.00,3.98
1061000,34.19,-0.01,3.98,-0.20,0.00,3.98
1061500,34.13,-0.02,3.98,-0.10,0.00,3.98
1062000,34.19,-0.02,3.98,-0.30,0.00,3.98
1062500,34.19,-0.01,3.98,-0.40,0.00,3.98
1063000,34.19,-0.02,3.98,-0.10,0.00,3.98
1063500,34.19,-0.03,3.98,-0.10,0.00,3.98
1064000,34.13,-0.01,3.99,-0.20,0.00,3.99
1064500,34.19,-0.04,3.99,0.00,0.00,3.99
1065000,34.19,-0.01,3.99,-0.10,0.00,3.99
1065500,34.19,-0.04,3.98,-0.10,0.00,3.98
1066000,34.19,-0.02,3.98,0.00,0.00,3.98
1066500,34.13,0.01,3.98,0.00,0.00,3.98
1067000,34.19,-0.02,3.98,0.10,0.00,3.98
1067500,34.19,0.01,3.99,-0.10,0.00,3.99
1068000,34.19,-0.01,3.99,-0.10,0.00,3.99
1068500,34.19,-0.01,3.99,0.10,0.00,3.99
1069000,34.13,-0.02,3.99,0.00,0.00,3.99
1069500,34.19,-0.02,3.98,0.00,0.00,3.98
1070000,34.19,-0.02,3.98,-0.20,0.00,3.98
1070500,34.19,0.01,3.98,0.10,0.00,3.98
1071000,34.19,-0.02,3.98,0.00,0.00,3.98
1071500,34.19,-0.01,3.98,0.10,0.00,3.98
1072000,34.19,-0.01,3.99,-0.20,0.00,3.99
1072500,34.25,-0.01,3.98,-0.10,0.00,3.98
1073000,34.25,-0.01,3.98,-0.20,0.00,3.98
1073500,34.25,-0.02,3.99,-0.20,0.00,3.99
1074000,34.25,-0.03,3.98,-0.10,0.00,3.98
1074500,34.25,0.00,3.98,-0.10,0.00,3.98
1075000,34.25,-0.02,3.98,-0.20,0.00,3.98
1075500,34.25,0.00,3.98,-0.20,0.00,3.98
1076000,34.25,-0.02,3.98,-0.20,0.00,3.98
1076500,34.25,0.00,3.98,0.00,0.00,3.98
1077000,34.25,0.00,3.98,0.10,0.00,3.98
1077500,34.31,-0.01,3.98,-0.20,0.00,3.98
1078000,34.31,-0.03,3.98,-0.20,0.00,3.98
1078500,34.31,0.01,3.98,0.00,0.00,3.98
1079000,34.25,-0.01,3.98,0.00,0.00,3.98
1079500,34.25,-0.01,3.99,0.00,0.00,3.99
1080000,34.25,-0.04,3.98,-0.30,4.00,3.98
1080500,34.31,0.00,3.98,0.20,0.00,3.98
1081000,34.31,0.01,3.99,-0.10,0.00,3.99
1081500,34.31,0.01,3.98,-0.30,0.00,3.98
1082000,34.31,0.00,3.98,-0.30,0.00,3.98
1082500,34.25,0.03,3.99,-0.10,0.00,3.99
1083000,34.25,-0.02,3.98,0.00,0.00,3.98
1083500,34.25,-0.03,3.98,0.00,0.00,3.98
1084000,34.25,0.00,3.98,0.00,0.00,3.98
1084500,34.25,-0.02,3.98,-0.20,0.00,3.98
1085000,34.25,-0.02,3.98,-0.30,0.00,3.98
1085500,34.25,0.00,3.98,-0.10,0.00,3.98
1086000,34.25,0.01,3.98,-0.10,0.00,3.98
1086500,34.25,-0.02,3.98,-0.10,0.00,3.98
1087000,34.25,-0.04,3.99,-0.20,0.00,3.99
1087500,34.25,0.01,3.98,0.10,0.00,3.98
1088000,34.25,0.02,3.99,-0.20,0.00,3.99
1088500,34.25,-0.01,3.99,-0.30,0.00,3.99
1089000,34.25,-0.02,3.98,-0.10,0.00,3.98
1089500,34.25,-0.04,3.98,0.00,0.00,3.98
1090000,34.25,0.01,3.98,-0.20,0.00,3.98
1090500,34.25,-0.03,3.98,0.10,0.00,3.98
1091000,34.25,-0.01,3.99,0.30,0.00,3.99
1091500,34.25,-0.03,3.98,-0.30,0.00,3.98
1092000,34.25,0.00,3.98,0.10,0.00,3.98
1092500,34.25,0.01,3.99,-0.20,0.00,3.99
1093000,34.25,-0.01,3.99,-0.10,0.00,3.99
1093500,34.25,-0.01,3.99,-0.30,0.00,3.99
1094000,34.25,0.00,3.98,0.00,0.00,3.98
1094500,34.25,0.01,3.99,-0.20,0.00,3.99
1095000,34.25,0.00,3.98,0.10,0.00,3.98
1095500,34.25,-0.03,3.98,-0.20,0.00,3.98
1096000,34.25,0.00,3.98,-0.10,0.00,3.98
1096500,34.25,0.01,3.98,0.10,0.00,3.98
1097000,34.19,0.01,3.98,-0.10,0.00,3.98
1097500,34.19,-0.03,3.98,-0.40,0.00,3.98
1098000,34.25,-0.04,3.99,-0.20,0.00,3.99
1098500,34.25,-0.03,3.98,-0.20,0.00,3.98
1099000,34.19,-0.01,3.99,0.10,0.00,3.99
1099500,34.19,-0.01,3.98,-0.10,0.00,3.98
1100000,34.19,0.00,3.98,-0.20,0.00,3.98
1100500,34.19,-0.01,3.98,0.10,0.00,3.98
1101000,34.19,-0.01,3.98,-0.30,0.00,3.98
1101500,34.19,-0.01,3.98,-0.20,0.00,3.98
1102000,34.19,-0.01,3.98,0.00,0.00,3.98
1102500,34.25,-0.02,3.98,-0.10,0.00,3.98
1103000,34.19,-0.02,3.99,-0.10,0.00,3.99
1103500,34.19,-0.01,3.98,-0.10,0.00,3.98
1104000,34.19,0.00,3.98,0.10,0.00,3.98
1104500,34.25,-0.03,3.98,-0.20,0.00,3.98
1105000,34.25,-0.03,3.99,-0.30,0.00,3.99
1105500,34.25,0.01,3.99,0.00,0.00,3.99
1106000,34.25,-0.01,3.99,0.00,0.00,3.99
1106500,34.25,-0.04,3.99,-0.20,0.00,3.99
1107000,34.25,0.00,3.98,-0.20,0.00,3.98
1107500,34.25,-0.01,3.98,-0.20,0.00,3.98
1108000,34.25,0.00,3.98,-0.20,0.00,3.98
1108500,34.25,0.00,3.98,-0.20,0.00,3.98
1109000,34.25,0.00,3.99,0.10,0.00,3.99
1109500,34.25,-0.02,3.98,-0.10,0.00,3.98
1110000,34.25,-0.01,3.98,0.00,0.00,3.98
1110500,34.25,-0.01,3.98,-0.10,0.00,3.98
1111000,34.25,0.00,3.98,-0.40,0.00,3.98
1111500,34.25,-0.03,3.99,-0.10,0.00,3.99
1112000,34.25,-0.01,3.99,-0.10,0.00,3.99
1112500,34.25,-0.01,3.98,-0.20,0.00,3.98
1113000,34.25,0.01,3.98,-0.10,0.00,3.98
1113500,34.25,0.00,3.98,0.10,0.00,3.98
1114000,34.25,-0.01,3.98,0.00,0.00,3.98
1114500,34.25,-0.03,3.98,0.00,0.00,3.98
1115000,34.25,0.00,3.98,0.00,0.00,3.98
1115500,34.19,-0.04,3.98,-0.30,0.00,3.98
1116000,34.25,-0.03,3.99,-0.10,0.00,3.99
1116500,34.19,0.00,3.98,0.30,0.00,3.98
1117000,34.25,0.00,3.98,-0.30,0.00,3.98
1117500,34.19,-0.01,3.98,0.10,0.00,3.98
1118000,34.25,-0.03,3.98,-0.20,0.00,3.98
1118500,34.19,-0.02,3.98,0.10,0.00,3.98
1119000,34.19,0.00,3.99,0.10,0.00,3.99
1119500,34.25,-0.02,3.98,-0.20,0.00,3.98
1120000,34.19,0.01,3.98,-0.10,0.00,3.98
1120500,34.25,-0.02,3.98,-0.30,0.00,3.98
1121000,34.25,-0.01,3.98,-0.30,0.00,3.98
1121500,34.19,-0.01,3.98,-0.10,0.00,3.98
1122000,34.25,-0.01,3.99,0.00,0.00,3.99
1122500,34.25,0.00,3.98,0.00,0.00,3.98
1123000,34.25,-0.02,3.98,0.00,0.00,3.98
1123500,34.25,-0.03,3.98,-0.10,0.00,3.98
1124000,34.19,0.00,3.99,-0.30,0.00,3.99
1124500,34.25,-0.03,3.98,-0.40,0.00,3.98
1125000,34.19,-0.02,3.98,0.00,0.00,3.98
1125500,34.19,0.01,3.99,0.00,0.00,3.99
1126000,34.19,0.01,3.99,-0.20,0.00,3.99
1126500,34.19,0.00,3.98,0.00,0.00,3.98
1127000,34.19,-0.03,3.98,0.10,0.00,3.98
1127500,34.19,-0.01,3.98,0.30,0.00,3.98
1128000,34.19,0.01,3.99,-0.20,0.00,3.99
1128500,34.19,0.00,3.98,-0.20,0.00,3.98
1129000,34.19,0.01,3.98,-0.20,0.00,3.98
1129500,34.19,0.00,3.98,0.20,0.00,3.98
1130000,34.19,0.00,3.98,-0.10,0.00,3.98
1130500,34.19,0.00,3.98,-0.10,0.00,3.98
1131000,34.19,-0.03,3.98,0.00,0.00,3.98
1131500,34.13,-0.03,3.98,-0.20,0.00,3.98
1132000,34.19,-0.01,3.98,-0.10,0.00,3.98
1132500,34.13,-0.01,3.98,0.00,0.00,3.98
1133000,34.13,-0.02,3.99,0.10,0.00,3.99
1133500,34.13,-0.02,3.99,0.00,0.00,3.99
1134000,34.13,-0.01,3.98,0.10,0.00,3.98
1134500,34.13,-0.01,3.98,-0.20,0.00,3.98
1135000,34.13,0.00,3.98,-0.10,0.00,3.98
1135500,34.13,0.00,3.98,-0.10,0.00,3.98
1136000,34.13,-0.02,3.98,0.00,0.00,3.98
1136500,34.13,-0.02,3.99,0.00,0.00,3.99
1137000,34.13,-0.01,3.99,-0.10,0.00,3.99
1137500,34.13,0.00,3.99,0.00,0.00,3.99
1138000,34.13,-0.01,3.98,0.10,0.00,3.98
1138500,34.13,-0.03,3.98,-0.10,0.00,3.98
1139000,34.13,-0.02,3.99,-0.20,0.00,3.99
1139500,34.13,0.00,3.98,-0.30,0.00,3.98
1140000,34.13,0.01,3.98,-0.30,0.00,3.98
1140500,34.06,-0.05,3.98,-0.20,0.00,3.98
1141000,34.06,0.02,3.98,-0.30,0.00,3.98
1141500,34.06,-0.01,3.98,-0.30,0.00,3.98
1142000,34.06,0.03,3.99,-0.20,0.00,3.99
1142500,34.06,0.00,3.98,0.00,0.00,3.98
1143000,34.06,0.00,3.98,0.10,0.00,3.98
1143500,34.06,0.01,3.98,-0.10,0.00,3.98
1144000,34.06,0.00,3.98,0.20,0.00,3.98
1144500,34.06,-0.03,3.98,0.00,0.00,3.98
1145000,34.06,-0.01,3.99,-0.30,0.00,3.99
1145500,34.06,0.02,3.98,0.00,0.00,3.98
1146000,34.06,0.02,3.98,0.00,0.00,3.98
1146500,34.06,0.02,3.98,-0.10,0.00,3.98
1147000,34.06,-0.01,3.98,0.00,0.00,3.98
1147500,34.06,0.00,3.98,0.00,0.00,3.98
1148000,34.06,0.00,3.98,-0.20,0.00,3.98
1148500,34.00,-0.01,3.98,-0.30,0.00,3.98
1149000,34.00,0.01,3.98,-0.20,0.00,3.98
1149500,34.06,0.02,3.98,-0.10,0.00,3.98
1150000,34.06,0.02,3.99,0.00,0.00,3.99
1150500,34.06,0.00,3.98,-0.10,0.00,3.98
1151000,34.06,-0.02,3.98,0.00,0.00,3.98
1151500,34.00,-0.01,3.98,-0.20,0.00,3.98
1152000,34.00,0.00,3.98,0.10,0.00,3.98
1152500,34.00,-0.04,3.98,0.20,0.00,3.98
1153000,34.00,0.00,3.99,0.00,0.00,3.99
1153500,34.00,-0.01,3.98,0.10,0.00,3.98
1154000,33.94,-0.03,3.98,-0.10,0.00,3.98
1154500,34.00,-0.02,3.98,0.20,0.00,3.98
1155000,34.00,-0.01,3.98,-0.10,0.00,3.98
1155500,34.00,-0.01,3.98,-0.10,0.00,3.98
1156000,33.94,-0.01,3.98,-0.40,0.00,3.98
1156500,33.94,0.01,3.98,-0.30,0.00,3.98
1157000,33.94,0.02,3.98,0.10,0.00,3.98
1157500,33.94,0.00,3.99,-0.10,0.00,3.99
1158000,33.94,-0.01,3.98,0.20,0.00,3.98
1158500,33.94,0.00,3.99,-0.10,0.00,3.99
1159000,33.94,0.00,3.98,0.00,0.00,3.98
1159500,33.94,-0.03,3.99,-0.20,0.00,3.99
1160000,33.94,0.00,3.98,-0.10,0.00,3.98
1160500,33.94,-0.04,3.98,-0.10,0.00,3.98
1161000,33.94,-0.01,3.98,-0.30,0.00,3.98
1161500,33.88,-0.03,3.98,-0.30,0.00,3.98
1162000,33.88,-0.01,3.98,-0.20,0.00,3.98
1162500,33.88,-0.05,3.99,0.20,0.00,3.99
1163000,33.94,0.00,3.98,-0.20,0.00,3.98
1163500,33.88,-0.02,3.98,0.10,0.00,3.98
1164000,33.88,-0.01,3.98,-0.30,0.00,3.98
1164500,33.94,0.01,3.98,-0.20,0.00,3.98
1165000,33.94,-0.01,3.99,-0.10,0.00,3.99
1165500,33.88,-0.01,3.98,-0.30,0.00,3.98
1166000,33.94,0.01,3.98,-0.10,0.00,3.98
1166500,33.88,-0.01,3.99,-0.20,0.00,3.99
1167000,33.88,-0.02,3.98,-0.20,0.00,3.98
1167500,33.88,-0.01,3.99,-0.10,0.00,3.99
1168000,33.88,-0.02,3.98,0.10,0.00,3.98
1168500,33.88,0.00,3.99,-0.10,0.00,3.99
1169000,33.88,-0.02,3.98,-0.10,0.00,3.98
1169500,33.88,0.00,3.99,0.00,0.00,3.99
1170000,33.88,0.00,3.99,-0.20,0.00,3.99
1170500,33.88,0.01,3.99,-0.20,0.00,3.99
1171000,33.88,-0.02,3.98,0.10,0.00,3.98
1171500,33.88,-0.01,3.98,-0.20,0.00,3.98
1172000,33.88,-0.01,3.98,0.10,0.00,3.98
1172500,33.88,-0.02,3.98,-0.30,0.00,3.98
1173000,33.88,0.02,3.98,0.00,0.00,3.98
1173500,33.88,-0.01,3.98,0.00,0.00,3.98
1174000,33.81,-0.03,3.98,-0.10,0.00,3.98
1174500,33.88,-0.02,3.99,-0.10,0.00,3.99
1175000,33.88,-0.04,3.98,0.00,0.00,3.98
1175500,33.88,0.00,3.98,-0.20,0.00,3.98
1176000,33.88,0.01,3.99,-0.30,0.00,3.99
1176500,33.88,-0.01,3.98,0.10,0.00,3.98
1177000,33.81,-0.01,3.98,0.20,0.00,3.98
1177500,33.81,0.00,3.98,-0.10,0.00,3.98
1178000,33.88,-0.01,3.98,0.10,0.00,3.98
1178500,33.81,0.01,3.98,0.10,0.00,3.98
1179000,33.88,0.01,3.99,-0.30,0.00,3.99
1179500,33.81,0.01,3.98,-0.10,0.00,3.98
1180000,33.81,-0.01,3.98,0.00,0.00,3.98
1180500,33.81,0.02,3.98,-0.10,0.00,3.98
1181000,33.81,-0.01,3.98,0.00,0.00,3.98
1181500,33.81,-0.02,3.98,-0.10,0.00,3.98
1182000,33.81,0.01,3.98,0.00,0.00,3.98
1182500,33.75,-0.03,3.99,-0.20,0.00,3.99
1183000,33.81,0.04,3.98,-0.10,0.00,3.98
1183500,33.81,-0.02,3.99,-0.10,0.00,3.99
1184000,33.81,0.01,3.98,0.10,4.00,3.98
1184500,33.81,-0.01,3.99,-0.30,0.00,3.99
1185000,33.81,0.02,3.98,-0.20,0.00,3.98
1185500,33.81,0.00,3.98,-0.10,0.00,3.98
1186000,33.81,-0.02,3.98,0.20,0.00,3.98
1186500,33.81,0.00,3.98,0.00,0.00,3.98
1187000,33.75,-0.01,3.99,0.20,0.00,3.99
1187500,33.75,-0.01,3.98,0.10,0.00,3.98
1188000,33.81,0.01,3.98,-0.10,0.00,3.98
1188500,33.81,-0.01,3.98,-0.30,0.00,3.98
1189000,33.81,-0.03,3.98,0.00,0.00,3.98
1189500,33.81,-0.03,3.99,-0.20,0.00,3.99
1190000,33.81,0.00,3.98,0.10,0.00,3.98
1190500,33.81,-0.01,3.98,-0.20,0.00,3.98
1191000,33.81,0.00,3.98,-0.20,0.00,3.98
1191500,33.81,-0.01,3.99,0.00,0.00,3.99
1192000,33.75,-0.02,3.99,-0.10,0.00,3.99
1192500,33.81,-0.02,3.98,-0.20,0.00,3.98
1193000,33.81,-0.02,3.98,-0.10,0.00,3.98
1193500,33.81,-0.01,3.98,-0.20,0.00,3.98
1194000,33.81,-0.02,3.99,0.00,0.00,3.99
1194500,33.81,-0.01,3.98,0.00,0.00,3.98
1195000,33.81,-0.01,3.98,0.00,0.00,3.98
1195500,33.81,0.00,3.98,-0.10,0.00,3.98
1196000,33.81,-0.02,3.99,0.10,0.00,3.99
1196500,33.81,0.00,3.98,-0.20,0.00,3.98
1197000,33.75,0.00,3.98,-0.50,0.00,3.98
1197500,33.75,0.00,3.98,-0.20,0.00,3.98
1198000,33.81,-0.02,3.98,-0.10,0.00,3.98
1198500,33.81,-0.01,3.98,-0.10,0.00,3.98
1199000,33.81,-0.03,3.98,-0.20,0.00,3.98
1199500,33.81,0.00,3.98,0.00,0.00,3.98
1200000,33.81,-0.03,3.98,-0.30,0.00,3.98
1200500,33.81,0.02,3.99,-0.30,0.00,3.99
1201000,33.81,0.00,3.99,-0.10,0.00,3.99
1201500,33.75,-0.01,3.98,0.10,0.00,3.98
1202000,33.75,0.00,3.98,0.10,0.00,3.98
1202500,33.75,-0.01,3.99,0.00,0.00,3.99
1203000,33.81,-0.01,3.98,-0.10,0.00,3.98
1203500,33.75,-0.02,3.98,0.00,0.00,3.98
1204000,33.75,0.00,3.99,0.00,0.00,3.99
1204500,33.75,0.00,3.98,-0.10,0.00,3.98
1205000,33.75,0.01,3.98,-0.10,0.00,3.98
1205500,33.75,-0.02,3.98,-0.20,0.00,3.98
1206000,33.75,0.01,3.98,0.10,0.00,3.98
1206500,33.69,-0.02,3.98,-0.10,0.00,3.98
1207000,33.69,0.03,3.99,0.10,0.00,3.99
1207500,33.75,-0.02,3.98,0.10,0.00,3.98
1208000,33.75,-0.01,3.99,0.00,0.00,3.99
1208500,33.75,-0.02,3.98,-0.20,0.00,3.98
1209000,33.75,-0.01,3.98,0.00,0.00,3.98
1209500,33.75,-0.01,3.98,-0.10,0.00,3.98
1210000,33.75,-0.04,3.98,-0.10,0.00,3.98
1210500,33.75,-0.03,3.98,0.00,0.00,3.98
1211000,33.75,-0.04,3.98,-0.10,0.00,3.98
1211500,33.75,0.00,3.98,-0.10,0.00,3.98
1212000,33.75,0.01,3.98,0.00,0.00,3.98
1212500,33.69,-0.01,3.98,-0.10,0.00,3.98
1213000,33.69,-0.02,3.98,-0.20,0.00,3.98
1213500,33.69,-0.02,3.98,-0.30,0.00,3.98
1214000,33.69,-0.01,3.98,-0.30,0.00,3.98
1214500,33.69,-0.03,3.98,0.00,0.00,3.98
1215000,33.69,-0.04,3.98,-0.40,0.00,3.98
1215500,33.69,-0.03,3.98,0.00,0.00,3.98
1216000,33.63,-0.04,3.98,-0.30,0.00,3.98
1216500,33.63,0.00,3.99,-0.30,0.00,3.99
1217000,33.63,-0.01,3.98,-0.10,0.00,3.98
1217500,33.63,-0.01,3.98,-0.10,0.00,3.98
1218000,33.63,-0.02,3.98,-0.30,0.00,3.98
1218500,33.63,-0.02,3.98,-0.20,0.00,3.98
1219000,33.63,-0.01,3.98,0.20,0.00,3.98
1219500,33.63,-0.03,3.98,-0.10,0.00,3.98
1220000,33.63,-0.04,3.98,-0.20,0.00,3.98
1220500,33.56,-0.02,3.98,0.10,0.00,3.98
1221000,33.56,-0.01,3.98,-0.20,0.00,3.98
1221500,33.56,-0.02,3.98,-0.20,0.00,3.98
1222000,33.56,0.01,3.98,0.20,0.00,3.98
1222500,33.56,0.00,3.98,-0.10,0.00,3.98
1223000,33.56,-0.03,3.98,-0.20,0.00,3.98
1223500,33.56,-0.01,3.99,0.10,0.00,3.99
1224000,33.56,0.00,3.98,-0.40,0.00,3.98
1224500,33.56,-0.02,3.98,-0.10,0.00,3.98
1225000,33.50,0.00,3.98,0.10,0.00,3.98
1225500,33.50,-0.03,3.99,-0.20,0.00,3.99
1226000,33.50,0.00,3.98,-0.10,0.00,3.98
1226500,33.44,-0.01,3.98,0.00,0.00,3.98
1227000,33.50,0.01,3.98,-0.10,0.00,3.98
1227500,33.44,0.01,3.99,-0.20,0.00,3.99
1228000,33.50,0.02,3.98,0.00,0.00,3.98
1228500,33.50,0.01,3.98,-0.10,0.00,3.98
1229000,33.50,0.00,3.98,0.10,0.00,3.98
1229500,33.50,0.00,3.99,0.00,0.00,3.99
1230000,33.50,-0.03,3.98,0.00,0.00,3.98
1230500,33.50,-0.02,3.98,0.00,0.00,3.98
1231000,33.50,-0.02,3.98,-0.20,0.00,3.98
1231500,33.44,0.00,3.98,0.10,0.00,3.98
1232000,33.44,-0.01,3.99,-0.30,0.00,3.99
1232500,33.44,-0.01,3.98,0.10,0.00,3.98
1233000,33.50,-0.02,3.98,0.00,0.00,3.98
1233500,33.50,-0.01,3.98,-0.20,0.00,3.98
1234000,33.50,-0.02,3.98,-0.20,0.00,3.98
1234500,33.50,-0.02,3.98,-0.30,0.00,3.98
1235000,33.50,0.00,3.98,-0.20,0.00,3.98
1235500,33.50,-0.01,3.99,-0.20,0.00,3.99
1236000,33.44,-0.04,3.98,-0.10,0.00,3.98
1236500,33.44,-0.03,3.98,-0.40,0.00,3.98
1237000,33.44,0.00,3.98,0.00,0.00,3.98
1237500,33.44,-0.01,3.98,0.00,0.00,3.98
1238000,33.44,0.00,3.98,-0.10,0.00,3.98
1238500,33.44,0.02,3.98,-0.20,0.00,3.98
1239000,33.44,-0.03,3.98,-0.10,0.00,3.98
1239500,33.44,-0.04,3.98,-0.10,0.00,3.98
1240000,33.38,0.00,3.98,0.10,0.00,3.98
1240500,33.38,0.00,3.98,-0.10,0.00,3.98
1241000,33.38,-0.03,3.98,-0.10,0.00,3.98
1241500,33.38,-0.03,3.98,-0.40,0.00,3.98
1242000,33.38,-0.02,3.98,-0.10,0.00,3.98
1242500,33.38,-0.01,3.98,-0.10,0.00,3.98
1243000,33.38,0.00,3.98,-0.10,0.00,3.98
1243500,33.38,0.00,3.98,-0.10,0.00,3.98
1244000,33.38,0.02,3.98,-0.40,0.00,3.98
1244500,33.38,-0.01,3.99,-0.10,0.00,3.99
1245000,33.38,-0.01,3.98,-0.30,0.00,3.98
1245500,33.38,-0.01,3.99,-0.20,0.00,3.99
1246000,33.38,0.02,3.98,0.00,0.00,3.98
1246500,33.38,-0.01,3.98,-0.20,0.00,3.98
1247000,33.38,0.00,3.98,-0.10,0.00,3.98
1247500,33.38,0.00,3.98,-0.20,0.00,3.98
1248000,33.38,-0.02,3.98,0.00,0.00,3.98
1248500,33.38,-0.01,3.99,0.00,0.00,3.99
1249000,33.38,-0.01,3.99,0.10,0.00,3.99
1249500,33.38,-0.02,3.98,0.00,0.00,3.98
1250000,33.38,-0.02,3.98,-0.20,0.00,3.98
1250500,33.38,0.00,3.98,-0.10,0.00,3.98
1251000,33.31,0.00,3.98,0.00,0.00,3.98
1251500,33.31,0.01,3.99,0.10,0.00,3.99
1252000,33.31,-0.01,3.99,-0.10,0.00,3.99
1252500,33.31,-0.01,3.98,-0.30,0.00,3.98
1253000,33.31,0.00,3.98,-0.10,0.00,3.98
1253500,33.31,0.01,3.98,0.00,0.00,3.98
1254000,33.31,0.01,3.98,-0.20,0.00,3.98
1254500,33.25,-0.03,3.99,-0.10,0.00,3.99
1255000,33.31,0.00,3.98,-0.20,0.00,3.98
1255500,33.25,0.01,3.99,-0.20,0.00,3.99
1256000,33.25,-0.02,3.99,-0.20,0.00,3.99
1256500,33.25,0.01,3.98,-0.10,0.00,3.98
1257000,33.19,0.01,3.98,0.00,0.00,3.98
1257500,33.19,-0.03,3.98,0.00,0.00,3.98
1258000,33.19,-0.02,3.98,-0.10,0.00,3.98
1258500,33.19,0.02,3.98,-0.20,0.00,3.98
1259000,33.19,-0.02,3.98,-0.10,0.00,3.98
1259500,33.19,0.00,3.99,-0.20,0.00,3.99
1260000,33.19,0.02,3.98,-0.10,0.00,3.98
1260500,33.19,-0.01,3.98,-0.10,0.00,3.98
1261000,33.19,-0.01,3.98,0.10,0.00,3.98
1261500,33.19,-0.01,3.98,-0.10,0.00,3.98
1262000,33.19,-0.02,3.98,-0.10,0.00,3.98
1262500,33.19,0.00,3.98,0.10,0.00,3.98
1263000,33.19,0.00,3.98,0.00,0.00,3.98
1263500,33.19,-0.03,3.98,0.10,0.00,3.98
1264000,33.13,-0.01,3.99,0.00,0.00,3.99
1264500,33.19,-0.01,3.98,-0.10,0.00,3.98
1265000,33.13,-0.01,3.98,-0.20,0.00,3.98
1265500,33.13,-0.01,3.98,-0.30,0.00,3.98
1266000,33.13,-0.02,3.98,-0.20,0.00,3.98
1266500,33.13,-0.03,3.98,0.00,0.00,3.98
1267000,33.13,0.01,3.98,0.10,0.00,3.98
1267500,33.13,-0.02,3.98,-0.10,0.00,3.98
1268000,33.13,-0.02,3.98,0.00,0.00,3.98
1268500,33.06,-0.02,3.99,0.10,0.00,3.99
1269000,33.06,0.00,3.98,0.10,0.00,3.98
1269500,33.06,0.00,3.98,-0.40,0.00,3.98
1270000,33.06,-0.02,3.98,-0.10,0.00,3.98
1270500,33.06,-0.01,3.98,-0.20,0.00,3.98
1271000,33.00,0.00,3.98,-0.10,0.00,3.98
1271500,33.06,0.01,3.98,-0.10,0.00,3.98
1272000,33.00,-0.01,3.98,0.10,0.00,3.98
1272500,33.00,-0.02,3.98,-0.10,0.00,3.98
1273000,33.00,-0.02,3.99,0.00,0.00,3.99
1273500,33.00,0.01,3.98,-0.20,0.00,3.98
1274000,33.00,-0.01,3.98,-0.40,0.00,3.98
1274500,33.00,-0.02,3.98,-0.40,0.00,3.98
1275000,33.00,-0.02,3.98,-0.20,0.00,3.98
1275500,33.00,-0.02,3.98,-0.30,0.00,3.98
1276000,33.00,0.00,3.98,-0.20,0.00,3.98
1276500,33.00,0.00,3.99,0.10,0.00,3.99
1277000,33.00,0.00,3.98,0.00,0.00,3.98
1277500,33.00,-0.01,3.98,-0.30,0.00,3.98
1278000,33.00,-0.03,3.98,-0.20,0.00,3.98
1278500,33.00,0.00,3.98,0.10,0.00,3.98
1279000,32.94,-0.02,3.98,-0.30,0.00,3.98
1279500,32.94,-0.03,3.98,0.00,0.00,3.98
1280000,32.94,-0.04,3.98,-0.20,0.00,3.98
1280500,32.94,0.00,3.98,-0.10,0.00,3.98
1281000,32.94,-0.02,3.99,-0.20,0.00,3.99
1281500,32.94,0.00,3.98,0.00,0.00,3.98
1282000,32.94,-0.02,3.99,-0.10,0.00,3.99
1282500,32.94,-0.02,3.98,0.00,0.00,3.98
1283000,32.88,-0.03,3.99,0.10,0.00,3.99
1283500,32.88,-0.03,3.98,0.00,0.00,3.98
1284000,32.88,-0.01,3.98,-0.10,0.00,3.98
1284500,32.88,-0.02,3.98,-0.20,0.00,3.98
1285000,32.88,0.00,3.98,-0.20,0.00,3.98
1285500,32.94,0.01,3.98,0.10,0.00,3.98
1286000,32.94,-0.02,3.99,-0.30,0.00,3.99
1286500,32.94,-0.03,3.98,-0.20,0.00,3.98
1287000,32.94,-0.02,3.99,-0.10,0.00,3.99
1287500,32.94,-0.01,3.98,0.10,0.00,3.98
1288000,32.94,-0.03,3.99,0.00,0.00,3.99
1288500,32.94,-0.01,3.99,-0.20,0.00,3.99
1289000,32.94,-0.02,3.98,-0.20,0.00,3.98
1289500,32.94,-0.03,3.98,-0.10,0.00,3.98
1290000,32.94,-0.01,3.98,-0.10,0.00,3.98
1290500,32.94,-0.03,3.98,-0.10,0.00,3.98
1291000,32.94,0.00,3.99,-0.30,0.00,3.99
1291500,32.94,0.01,3.98,-0.30,0.00,3.98
1292000,32.94,0.00,3.98,-0.10,0.00,3.98
1292500,32.94,0.01,3.98,-0.30,0.00,3.98
1293000,33.00,-0.01,3.99,-0.30,0.00,3.99
1293500,32.94,0.01,3.98,-0.20,0.00,3.98
1294000,32.94,-0.01,3.98,0.00,0.00,3.98
1294500,32.88,-0.03,3.98,-0.10,0.00,3.98
1295000,32.88,-0.02,3.98,-0.10,0.00,3.98
1295500,32.81,-0.02,3.99,-0.20,0.00,3.99
1296000,32.81,-0.01,3.98,0.00,0.00,3.98
1296500,32.88,-0.02,3.98,-0.10,0.00,3.98
1297000,32.81,-0.01,3.98,-0.10,0.00,3.98
1297500,32.88,-0.02,3.98,-0.10,0.00,3.98
1298000,32.88,0.01,3.98,-0.30,0.00,3.98
1298500,32.88,-0.01,3.99,-0.10,0.00,3.99
1299000,32.88,0.00,3.98,-0.20,0.00,3.98
1299500,32.81,0.01,3.98,0.10,0.00,3.98
1300000,32.81,-0.02,3.98,-0.10,0.00,3.98
1300500,32.81,-0.01,3.98,0.10,0.00,3.98
1301000,32.81,-0.01,3.98,-0.30,0.00,3.98
1301500,32.81,-0.02,3.98,0.10,0.00,3.98
1302000,32.81,0.00,3.99,-0.10,0.00,3.99
1302500,32.81,0.01,3.98,-0.20,0.00,3.98
1303000,32.81,-0.01,3.98,-0.10,0.00,3.98
1303500,32.81,-0.01,3.98,0.00,0.00,3.98
1304000,32.81,-0.01,3.98,-0.30,0.00,3.98
1304500,32.81,-0.01,3.98,-0.10,0.00,3.98
1305000,32.81,-0.03,3.98,-0.20,0.00,3.98
1305500,32.81,-0.02,3.98,-0.10,0.00,3.98
1306000,32.81,0.01,3.98,0.00,0.00,3.98
1306500,32.81,0.01,3.98,-0.10,0.00,3.98
1307000,32.81,-0.04,3.98,0.10,0.00,3.98
1307500,32.81,-0.01,3.98,-0.20,0.00,3.98
1308000,32.81,-0.02,3.98,0.00,0.00,3.98
1308500,32.81,0.00,3.99,0.00,0.00,3.99
1309000,32.81,0.00,3.98,-0.20,0.00,3.98
1309500,32.75,-0.02,3.98,-0.10,0.00,3.98
1310000,32.75,0.00,3.99,-0.10,0.00,3.99
1310500,32.75,-0.02,3.99,-0.10,0.00,3.99
1311000,32.75,-0.02,3.98,0.00,0.00,3.98
1311500,32.75,-0.02,3.98,-0.30,0.00,3.98
1312000,32.75,-0.03,3.98,-0.20,0.00,3.98
1312500,32.69,0.00,3.98,-0.50,4.00,3.98
1313000,32.75,-0.01,3.98,-0.20,0.00,3.98
1313500,32.75,0.00,3.98,0.00,0.00,3.98
1314000,32.69,-0.02,3.98,-0.10,0.00,3.98
1314500,32.69,-0.01,3.98,-0.20,0.00,3.98
1315000,32.69,-0.02,3.98,0.00,0.00,3.98
1315500,32.69,-0.01,3.98,-0.20,0.00,3.98
1316000,32.69,-0.03,3.98,0.00,0.00,3.98
1316500,32.69,-0.01,3.98,-0.20,0.00,3.98
1317000,32.69,0.00,3.98,-0.10,0.00,3.98
1317500,32.69,-0.01,3.98,-0.10,0.00,3.98
1318000,32.69,-0.02,3.98,-0.10,0.00,3.98
1318500,32.69,-0.01,3.98,0.00,0.00,3.98
1319000,32.63,0.00,3.99,-0.20,0.00,3.99
1319500,32.56,0.01,3.98,-0.30,0.00,3.98
1320000,32.63,-0.02,3.98,0.00,0.00,3.98
1320500,32.56,0.00,3.99,-0.20,0.00,3.99
1321000,32.63,-0.02,3.98,-0.20,0.00,3.98
1321500,32.63,-0.02,3.98,-0.20,0.00,3.98
1322000,32.56,-0.01,3.98,0.00,0.00,3.98
1322500,32.56,0.01,3.98,-0.10,0.00,3.98
1323000,32.56,-0.01,3.99,-0.20,0.00,3.99
1323500,32.56,-0.01,3.98,-0.30,0.00,3.98
1324000,32.56,-0.02,3.99,-0.40,0.00,3.99
1324500,32.56,-0.02,3.98,-0.10,0.00,3.98
1325000,32.56,-0.01,3.98,-0.20,0.00,3.98
1325500,32.56,-0.01,3.98,0.10,0.00,3.98
1326000,32.50,0.01,3.98,0.00,0.00,3.98
1326500,32.50,-0.02,3.98,0.00,0.00,3.98
1327000,32.50,-0.02,3.98,0.00,0.00,3.98
1327500,32.50,-0.01,3.98,-0.20,0.00,3.98
1328000,32.50,-0.01,3.98,0.00,0.00,3.98
1328500,32.50,-0.04,3.98,0.00,0.00,3.98
1329000,32.50,-0.03,3.98,-0.30,0.00,3.98
1329500,32.44,-0.01,3.98,-0.10,0.00,3.98
1330000,32.44,-0.02,3.99,0.10,0.00,3.99
1330500,32.44,0.00,3.99,0.10,0.00,3.99
1331000,32.44,-0.01,3.98,0.10,0.00,3.98
1331500,32.44,0.00,3.98,-0.10,0.00,3.98
1332000,32.44,-0.03,3.98,-0.20,0.00,3.98
1332500,32.44,-0.01,3.98,0.00,0.00,3.98
1333000,32.44,-0.01,3.99,0.10,0.00,3.99
1333500,32.44,0.01,3.99,-0.30,0.00,3.99
1334000,32.44,-0.01,3.98,-0.10,0.00,3.98
1334500,32.44,-0.02,3.98,-0.20,0.00,3.98
1335000,32.44,-0.01,3.98,-0.10,0.00,3.98
1335500,32.38,0.00,3.98,-0.10,0.00,3.98
1336000,32.44,-0.02,3.99,-0.30,0.00,3.99
1336500,32.44,-0.01,3.98,0.10,0.00,3.98
1337000,32.44,0.00,3.98,-0.10,0.00,3.98
1337500,32.38,0.01,3.98,0.10,0.00,3.98
1338000,32.38,-0.02,3.99,-0.30,0.00,3.99
1338500,32.44,0.01,3.98,0.00,0.00,3.98
1339000,32.44,0.00,3.98,-0.10,0.00,3.98
1339500,32.44,-0.04,3.98,0.10,0.00,3.98
1340000,32.38,-0.03,3.99,0.00,0.00,3.99
1340500,32.44,-0.01,3.98,0.00,0.00,3.98
1341000,32.44,-0.01,3.98,-0.20,0.00,3.98
1341500,32.44,-0.01,3.98,0.00,0.00,3.98
1342000,32.44,-0.01,3.98,-0.10,0.00,3.98
1342500,32.44,-0.01,3.99,-0.30,0.00,3.99
1343000,32.44,-0.02,3.98,-0.10,0.00,3.98
1343500,32.44,-0.01,3.99,-0.20,0.00,3.99
1344000,32.44,0.00,3.98,-0.10,0.00,3.98
1344500,32.44,-0.03,3.98,0.00,0.00,3.98
1345000,32.44,-0.01,3.98,-0.20,0.00,3.98
1345500,32.38,0.01,3.98,-0.10,0.00,3.98
1346000,32.38,-0.01,3.98,-0.10,0.00,3.98
1346500,32.38,-0.02,3.98,-0.10,0.00,3.98
1347000,32.38,-0.02,3.98,0.20,0.00,3.98
1347500,32.38,-0.01,3.98,-0.20,0.00,3.98
1348000,32.38,-0.01,3.99,0.10,0.00,3.99
1348500,32.31,-0.02,3.98,0.10,0.00,3.98
1349000,32.31,-0.03,3.98,0.00,0.00,3.98
1349500,32.31,-0.01,3.98,-0.20,0.00,3.98
1350000,32.31,0.01,3.99,-0.10,0.00,3.99
1350500,32.31,-0.02,3.98,0.00,0.00,3.98
1351000,32.31,-0.01,3.98,-0.20,0.00,3.98
1351500,32.31,0.02,3.98,-0.10,0.00,3.98
1352000,32.31,-0.02,3.98,-0.30,0.00,3.98
1352500,32.31,0.00,3.98,0.10,0.00,3.98
1353000,32.25,-0.01,3.98,-0.10,0.00,3.98
1353500,32.25,-0.01,3.98,-0.10,0.00,3.98
1354000,32.25,0.01,3.98,-0.10,0.00,3.98
1354500,32.25,0.00,3.98,-0.40,0.00,3.98
1355000,32.31,-0.02,3.98,-0.20,0.00,3.98
1355500,32.25,0.00,3.99,-0.20,0.00,3.99
1356000,32.25,-0.02,3.98,-0.30,0.00,3.98
1356500,32.25,-0.01,3.98,-0.10,0.00,3.98
1357000,32.25,-0.01,3.99,0.00,0.00,3.99
1357500,32.25,0.02,3.99,-0.20,0.00,3.99
1358000,32.25,0.01,3.99,-0.10,0.00,3.99
1358500,32.25,-0.01,3.98,0.00,0.00,3.98
1359000,32.25,-0.01,3.98,0.10,0.00,3.98
1359500,32.25,-0.01,3.98,0.20,0.00,3.98
1360000,32.25,-0.02,3.99,0.10,0.00,3.99
1360500,32.19,-0.02,3.98,-0.40,0.00,3.98
1361000,32.19,-0.02,3.98,0.00,0.00,3.98
1361500,32.19,-0.01,3.98,-0.30,0.00,3.98
1362000,32.19,-0.03,3.98,0.00,0.00,3.98
1362500,32.19,-0.03,3.98,-0.30,0.00,3.98
1363000,32.19,-0.02,3.98,0.30,0.00,3.98
1363500,32.19,0.00,3.98,-0.10,0.00,3.98
1364000,32.19,0.01,3.98,0.00,0.00,3.98
1364500,32.19,-0.01,3.98,0.00,0.00,3.98
1365000,32.19,0.02,3.98,-0.10,0.00,3.98
1365500,32.13,-0.02,3.98,-0.20,0.00,3.98
1366000,32.13,-0.01,3.98,-0.30,0.00,3.98
1366500,32.19,0.01,3.98,0.10,0.00,3.98
1367000,32.19,0.02,3.98,0.00,0.00,3.98
1367500,32.19,-0.01,3.98,-0.20,0.00,3.98
1368000,32.19,-0.02,3.98,0.10,0.00,3.98
1368500,32.13,-0.01,3.98,0.10,0.00,3.98
1369000,32.19,0.01,3.98,-0.30,0.00,3.98
1369500,32.19,0.00,3.98,-0.30,0.00,3.98
1370000,32.19,0.01,3.98,-0.20,0.00,3.98
1370500,32.13,0.01,3.98,0.10,0.00,3.98
1371000,32.13,-0.02,3.98,-0.30,0.00,3.98
1371500,32.13,0.00,3.98,0.00,0.00,3.98
1372000,32.19,0.00,3.98,-0.10,0.00,3.98
1372500,32.13,0.01,3.98,0.10,0.00,3.98
1373000,32.13,-0.02,3.98,0.00,0.00,3.98
1373500,32.13,0.00,3.98,-0.20,0.00,3.98
1374000,32.13,0.01,3.98,-0.40,0.00,3.98
1374500,32.13,0.00,3.98,0.00,0.00,3.98
1375000,32.13,0.00,3.99,-0.10,0.00,3.99
1375500,32.13,0.00,3.99,0.00,0.00,3.99
1376000,32.13,-0.01,3.98,-0.20,0.00,3.98
1376500,32.13,0.00,3.98,0.00,0.00,3.98
1377000,32.13,0.01,3.98,-0.20,0.00,3.98
1377500,32.13,-0.01,3.98,0.00,0.00,3.98
1378000,32.06,-0.01,3.98,-0.20,0.00,3.98
1378500,32.13,0.00,3.98,-0.30,0.00,3.98
1379000,32.13,-0.01,3.99,-0.20,0.00,3.99
1379500,32.13,0.01,3.98,0.00,0.00,3.98
1380000,32.13,-0.03,3.98,-0.20,0.00,3.98
1380500,32.13,0.00,3.99,-0.20,0.00,3.99
1381000,32.06,-0.01,3.98,-0.10,0.00,3.98
1381500,32.13,-0.01,3.99,0.00,0.00,3.99
1382000,32.13,-0.01,3.98,-0.10,0.00,3.98
1382500,32.13,-0.01,3.98,-0.20,0.00,3.98
1383000,32.06,-0.02,3.98,-0.20,0.00,3.98
1383500,32.06,-0.03,3.99,-0.20,0.00,3.99
1384000,32.06,-0.01,3.98,-0.30,0.00,3.98
1384500,32.13,-0.04,3.98,-0.10,0.00,3.98
1385000,32.06,0.00,3.98,-0.10,0.00,3.98
1385500,32.06,-0.02,3.98,-0.10,0.00,3.98
1386000,32.06,0.00,3.98,-0.10,0.00,3.98
1386500,32.00,0.00,3.98,-0.20,0.00,3.98
1387000,32.06,0.00,3.98,0.00,0.00,3.98
1387500,32.00,-0.01,3.98,0.00,0.00,3.98
1388000,32.00,-0.03,3.98,-0.20,0.00,3.98
1388500,32.00,-0.01,3.98,-0.10,0.00,3.98
1389000,32.00,0.00,3.98,-0.10,0.00,3.98
1389500,32.00,-0.01,3.98,-0.10,0.00,3.98
1390000,32.00,-0.02,3.98,-0.10,0.00,3.98
1390500,32.00,-0.01,3.98,-0.20,0.00,3.98
1391000,32.00,-0.01,3.98,-0.20,0.00,3.98
1391500,32.00,-0.04,3.99,-0.10,0.00,3.99
1392000,32.00,-0.01,3.98,-0.10,0.00,3.98
1392500,32.00,-0.02,3.98,0.20,0.00,3.98
1393000,32.00,-0.03,3.98,-0.10,0.00,3.98
1393500,31.94,-0.01,3.98,-0.30,0.00,3.98
1394000,31.94,0.01,3.98,-0.10,0.00,3.98
1394500,31.94,-0.04,3.98,-0.20,0.00,3.98
1395000,31.94,-0.03,3.98,-0.30,4.00,3.98
1395500,31.94,-0.04,3.98,-0.10,0.00,3.98
1396000,31.94,0.00,3.98,-0.20,0.00,3.98
1396500,31.94,-0.04,3.99,-0.20,0.00,3.99
1397000,31.94,-0.01,3.99,0.00,0.00,3.99
1397500,31.94,0.00,3.98,-0.10,0.00,3.98
1398000,31.94,-0.04,3.98,0.10,0.00,3.98
1398500,31.87,-0.02,3.98,0.00,0.00,3.98
1399000,31.87,0.01,3.98,0.20,0.00,3.98
1399500,31.94,-0.01,3.98,-0.20,0.00,3.98
1400000,31.87,-0.02,3.98,0.10,0.00,3.98
1400500,31.87,-0.01,3.98,0.00,0.00,3.98
1401000,31.87,0.01,3.99,-0.10,0.00,3.99
1401500,31.87,0.00,3.98,-0.10,0.00,3.98
1402000,31.87,0.01,3.98,-0.20,0.00,3.98
1402500,31.94,-0.01,3.98,0.00,0.00,3.98
1403000,31.87,-0.04,3.98,0.00,0.00,3.98
1403500,31.87,0.00,3.99,0.00,0.00,3.99
1404000,31.87,-0.03,3.98,-0.20,0.00,3.98
1404500,31.87,0.00,3.98,-0.20,0.00,3.98
1405000,31.87,0.00,3.98,0.00,0.00,3.98
1405500,31.87,-0.05,3.98,-0.20,0.00,3.98
1406000,31.87,-0.03,3.99,0.00,0.00,3.99
1406500,31.87,-0.03,3.98,-0.20,0.00,3.98
1407000,31.81,-0.01,3.99,0.00,0.00,3.99
1407500,31.87,-0.02,3.98,0.00,0.00,3.98
1408000,31.87,-0.01,3.99,-0.20,0.00,3.99
1408500,31.81,-0.02,3.98,-0.10,0.00,3.98
1409000,31.87,-0.02,3.98,-0.10,0.00,3.98
1409500,31.87,-0.01,3.99,0.00,0.00,3.99
1410000,31.81,-0.03,3.98,-0.30,0.00,3.98
1410500,31.81,0.00,3.98,0.00,0.00,3.98
1411000,31.87,-0.02,3.98,-0.40,0.00,3.98
1411500,31.81,0.00,3.98,-0.30,0.00,3.98
1412000,31.87,-0.01,3.98,-0.10,0.00,3.98
1412500,31.87,-0.01,3.98,0.10,0.00,3.98
1413000,31.87,-0.04,3.98,-0.20,0.00,3.98
1413500,31.81,-0.01,3.98,-0.10,0.00,3.98
1414000,31.87,0.00,3.98,-0.10,0.00,3.98
1414500,31.87,-0.03,3.99,-0.30,0.00,3.99
1415000,31.81,0.01,3.98,-0.10,0.00,3.98
1415500,31.81,0.00,3.98,-0.20,0.00,3.98
1416000,31.81,-0.01,3.98,-0.20,0.00,3.98
1416500,31.81,-0.02,3.98,-0.10,0.00,3.98
1417000,31.81,-0.01,3.98,0.10,0.00,3.98
1417500,31.81,0.00,3.98,0.10,0.00,3.98
1418000,31.75,-0.01,3.98,-0.20,0.00,3.98
1418500,31.75,0.02,3.98,0.10,0.00,3.98
1419000,31.75,0.00,3.99,0.00,0.00,3.99
1419500,31.81,-0.03,3.99,0.10,0.00,3.99
1420000,31.75,-0.01,3.98,-0.10,0.00,3.98
1420500,31.75,-0.02,3.98,-0.10,0.00,3.98
1421000,31.75,0.00,3.98,-0.10,0.00,3.98
1421500,31.75,-0.02,3.98,0.00,0.00,3.98
1422000,31.75,-0.01,3.98,-0.40,0.00,3.98
1422500,31.75,-0.04,3.98,-0.10,0.00,3.98
1423000,31.75,0.00,3.98,-0.10,0.00,3.98
1423500,31.75,-0.02,3.98,-0.30,0.00,3.98
1424000,31.75,0.01,3.98,-0.30,0.00,3.98
1424500,31.75,-0.01,3.98,-0.20,0.00,3.98
1425000,31.75,-0.03,3.98,0.10,0.00,3.98
1425500,31.75,-0.01,3.98,-0.10,0.00,3.98
1426000,31.75,-0.03,3.98,-0.10,0.00,3.98
1426500,31.75,-0.01,3.98,-0.20,0.00,3.98
1427000,31.75,-0.02,3.99,-0.30,0.00,3.99
1427500,31.75,-0.01,3.98,-0.10,0.00,3.98
1428000,31.75,-0.01,3.98,-0.10,0.00,3.98
1428500,31.69,-0.02,3.98,-0.10,0.00,3.98
1429000,31.75,-0.01,3.98,0.00,0.00,3.98
1429500,31.75,-0.03,3.99,-0.30,0.00,3.99
1430000,31.75,-0.02,3.98,-0.10,0.00,3.98
1430500,31.69,0.01,3.98,-0.20,0.00,3.98
1431000,31.69,-0.02,3.98,-0.20,0.00,3.98
1431500,31.69,-0.04,3.98,0.10,0.00,3.98
1432000,31.69,0.00,3.98,-0.10,0.00,3.98
1432500,31.69,0.00,3.99,-0.40,0.00,3.99
1433000,31.62,-0.02,3.98,0.00,0.00,3.98
1433500,31.62,-0.02,3.98,-0.20,0.00,3.98
1434000,31.62,-0.03,3.98,0.10,0.00,3.98
1434500,31.62,-0.02,3.99,0.00,0.00,3.99
1435000,31.62,-0.03,3.99,-0.20,0.00,3.99
1435500,31.62,-0.02,3.98,0.00,0.00,3.98
1436000,31.62,-0.01,3.98,0.20,0.00,3.98
1436500,31.62,-0.03,3.98,-0.10,0.00,3.98
1437000,31.62,-0.01,3.99,-0.20,0.00,3.99
1437500,31.62,-0.01,3.99,-0.30,0.00,3.99
1438000,31.62,-0.01,3.99,-0.30,0.00,3.99
1438500,31.62,-0.03,3.98,-0.10,0.00,3.98
1439000,31.62,-0.01,3.99,0.00,0.00,3.99
1439500,31.62,-0.02,3.99,-0.20,0.00,3.99
1440000,31.56,-0.01,3.99,-0.30,0.00,3.99
1440500,31.56,0.01,3.98,-0.20,0.00,3.98
1441000,31.56,-0.01,3.98,0.00,0.00,3.98
1441500,31.56,-0.02,3.98,-0.10,0.00,3.98
1442000,31.56,-0.02,3.98,-0.10,0.00,3.98
1442500,31.56,0.00,3.98,-0.10,0.00,3.98
1443000,31.50,0.00,3.98,-0.10,0.00,3.98
1443500,31.50,0.00,3.99,-0.20,0.00,3.99
1444000,31.50,-0.02,3.98,0.00,0.00,3.98
1444500,31.50,-0.02,3.98,-0.10,0.00,3.98
1445000,31.50,-0.02,3.98,-0.20,0.00,3.98
1445500,31.50,-0.03,3.98,0.00,0.00,3.98
1446000,31.56,-0.03,3.98,-0.10,0.00,3.98
1446500,31.50,-0.01,3.98,-0.10,0.00,3.98
1447000,31.50,-0.01,3.99,-0.10,0.00,3.99
1447500,31.50,-0.01,3.98,-0.20,0.00,3.98
1448000,31.50,-0.01,3.99,-0.10,0.00,3.99
1448500,31.50,-0.02,3.98,0.00,0.00,3.98
1449000,31.50,0.00,3.99,0.10,0.00,3.99
1449500,31.50,-0.01,3.98,-0.20,0.00,3.98
1450000,31.50,-0.02,3.99,-0.40,0.00,3.99
1450500,31.44,0.00,3.98,0.00,0.00,3.98
1451000,31.50,0.01,3.98,0.00,0.00,3.98
1451500,31.44,-0.02,3.98,-0.10,0.00,3.98
1452000,31.44,-0.01,3.98,-0.10,0.00,3.98
1452500,31.44,-0.01,3.98,-0.10,0.00,3.98
1453000,31.44,-0.03,3.98,0.00,0.00,3.98
1453500,31.44,-0.01,3.98,-0.10,0.00,3.98
1454000,31.44,-0.03,3.98,-0.10,0.00,3.98
1454500,31.37,0.00,3.98,-0.10,0.00,3.98
1455000,31.37,-0.02,3.98,-0.10,0.00,3.98
1455500,31.44,0.00,3.98,-0.30,0.00,3.98
1456000,31.44,-0.02,3.98,0.00,0.00,3.98
1456500,31.44,-0.01,3.98,0.00,0.00,3.98
1457000,31.44,-0.02,3.98,0.00,0.00,3.98
1457500,31.44,-0.01,3.98,-0.20,0.00,3.98
1458000,31.44,-0.03,3.98,-0.10,0.00,3.98
1458500,31.37,0.00,3.98,-0.10,0.00,3.98
1459000,31.44,-0.02,3.99,-0.10,0.00,3.99
1459500,31.44,-0.02,3.98,-0.20,0.00,3.98
1460000,31.44,-0.04,3.98,-0.10,0.00,3.98
1460500,31.44,-0.02,3.98,-0.20,0.00,3.98
1461000,31.44,-0.01,3.98,-0.40,0.00,3.98
1461500,31.37,0.01,3.98,-0.10,0.00,3.98
1462000,31.37,-0.01,3.99,-0.50,4.00,3.99
1462500,31.37,0.00,3.98,-0.30,0.00,3.98
1463000,31.37,-0.03,3.98,-0.30,0.00,3.98
1463500,31.37,-0.02,3.98,0.10,0.00,3.98
1464000,31.37,0.03,3.98,0.10,0.00,3.98
1464500,31.37,-0.02,3.98,-0.10,0.00,3.98
1465000,31.37,0.01,3.98,0.10,0.00,3.98
1465500,31.37,-0.01,3.98,-0.10,0.00,3.98
1466000,31.31,0.01,3.98,-0.10,0.00,3.98
1466500,31.37,-0.02,3.99,-0.20,0.00,3.99
1467000,31.31,-0.01,3.98,0.00,0.00,3.98
1467500,31.31,0.00,3.98,0.10,0.00,3.98
1468000,31.31,0.01,3.98,-0.30,0.00,3.98
1468500,31.31,-0.01,3.98,0.00,0.00,3.98
1469000,31.31,-0.03,3.99,0.00,0.00,3.99
1469500,31.25,-0.01,3.98,-0.10,0.00,3.98
1470000,31.31,-0.02,3.98,-0.10,0.00,3.98
1470500,31.31,-0.01,3.98,-0.10,0.00,3.98
1471000,31.31,-0.02,3.99,0.10,0.00,3.99
1471500,31.31,0.01,3.98,-0.10,0.00,3.98
1472000,31.31,-0.03,3.99,-0.30,0.00,3.99
1472500,31.31,0.01,3.98,-0.10,0.00,3.98
1473000,31.25,0.00,3.98,-0.10,0.00,3.98
1473500,31.31,-0.01,3.98,-0.20,0.00,3.98
1474000,31.31,-0.02,3.98,0.00,0.00,3.98
1474500,31.31,-0.01,3.98,-0.20,0.00,3.98
1475000,31.31,-0.03,3.98,0.00,0.00,3.98
1475500,31.25,-0.02,3.99,0.10,0.00,3.99
1476000,31.31,0.00,3.98,0.00,0.00,3.98
1476500,31.31,-0.02,3.99,0.10,0.00,3.99
1477000,31.31,0.00,3.98,0.00,0.00,3.98
1477500,31.31,0.00,3.99,-0.10,0.00,3.99
1478000,31.25,-0.01,3.98,0.10,0.00,3.98
1478500,31.31,-0.01,3.98,-0.10,0.00,3.98
1479000,31.31,0.00,3.98,-0.10,0.00,3.98
1479500,31.25,-0.02,3.98,0.00,0.00,3.98
1480000,31.31,0.01,3.98,-0.10,0.00,3.98
1480500,31.25,0.00,3.99,-0.30,0.00,3.99
1481000,31.25,-0.01,3.98,0.00,0.00,3.98
1481500,31.25,-0.02,3.98,-0.10,0.00,3.98
1482000,31.25,0.00,3.98,-0.10,0.00,3.98
1482500,31.25,-0.03,3.98,0.00,0.00,3.98
1483000,31.25,-0.02,3.98,-0.10,0.00,3.98
1483500,31.25,-0.01,3.99,0.10,0.00,3.99
1484000,31.25,-0.02,3.98,-0.20,0.00,3.98
1484500,31.25,-0.02,3.98,-0.30,0.00,3.98
1485000,31.25,-0.02,3.98,-0.10,0.00,3.98
1485500,31.25,0.00,3.98,-0.10,0.00,3.98
1486000,31.25,-0.01,3.98,-0.30,0.00,3.98
1486500,31.19,-0.02,3.98,0.10,0.00,3.98
1487000,31.19,-0.03,3.99,0.10,0.00,3.99
1487500,31.19,-0.01,3.98,-0.30,0.00,3.98
1488000,31.19,-0.01,3.98,0.00,0.00,3.98
1488500,31.19,-0.02,3.98,0.00,0.00,3.98
1489000,31.19,-0.02,3.98,-0.20,0.00,3.98
1489500,31.19,0.01,3.98,-0.10,0.00,3.98
1490000,31.19,-0.01,3.99,0.00,0.00,3.99
1490500,31.12,0.00,3.99,-0.10,4.00,3.99
1491000,31.12,-0.02,3.98,0.00,0.00,3.98
1491500,31.12,-0.02,3.98,-0.30,0.00,3.98
1492000,31.12,-0.01,3.99,-0.10,0.00,3.99
1492500,31.12,0.00,3.98,-0.10,0.00,3.98
1493000,31.12,-0.03,3.98,-0.20,0.00,3.98
1493500,31.06,0.01,3.98,0.00,0.00,3.98
1494000,31.12,-0.02,3.98,-0.20,0.00,3.98
1494500,31.06,-0.02,3.99,0.10,0.00,3.99
1495000,31.12,-0.02,3.99,-0.10,0.00,3.99
1495500,31.12,0.00,3.98,-0.10,0.00,3.98
1496000,31.06,0.00,3.98,-0.20,0.00,3.98
1496500,31.12,-0.01,3.98,-0.20,0.00,3.98
1497000,31.12,-0.03,3.98,-0.10,0.00,3.98
1497500,31.12,-0.01,3.99,-0.10,0.00,3.99
1498000,31.12,-0.03,3.98,-0.10,0.00,3.98
1498500,31.12,-0.02,3.98,-0.10,0.00,3.98
1499000,31.12,-0.02,3.99,-0.10,0.00,3.99
1499500,31.06,0.02,3.98,-0.10,0.00,3.98
1500000,31.12,-0.01,3.98,-0.10,0.00,3.98
1500500,31.06,0.01,3.98,-0.30,0.00,3.98
1501000,31.06,-0.01,3.99,0.00,0.00,3.99
1501500,31.06,0.00,3.98,0.00,0.00,3.98
1502000,31.06,0.01,3.98,-0.20,0.00,3.98
1502500,31.06,0.00,3.98,-0.10,0.00,3.98
1503000,31.06,-0.03,3.98,-0.20,0.00,3.98
1503500,31.06,-0.02,3.99,0.00,0.00,3.99
1504000,31.06,-0.01,3.99,-0.20,0.00,3.99
1504500,31.06,-0.03,3.98,0.10,0.00,3.98
1505000,31.06,-0.01,3.98,0.00,0.00,3.98
1505500,31.06,0.00,3.99,-0.10,0.00,3.99
1506000,31.06,0.01,3.98,-0.10,0.00,3.98
1506500,31.06,-0.02,3.99,-0.30,0.00,3.99
1507000,31.06,-0.01,3.98,-0.10,0.00,3.98
1507500,31.06,-0.02,3.98,0.00,0.00,3.98
1508000,31.06,-0.01,3.98,0.00,0.00,3.98
1508500,31.06,-0.03,3.98,-0.30,0.00,3.98
1509000,31.06,-0.03,3.98,-0.10,0.00,3.98
1509500,31.06,-0.03,3.98,-0.10,0.00,3.98
1510000,31.06,-0.02,3.98,-0.20,0.00,3.98
1510500,31.06,-0.03,3.98,0.00,0.00,3.98
1511000,31.00,-0.02,3.98,0.00,0.00,3.98
1511500,31.06,0.01,3.98,0.00,0.00,3.98
1512000,31.00,0.00,3.98,-0.30,0.00,3.98
1512500,31.00,-0.01,3.98,0.00,0.00,3.98
1513000,31.00,-0.01,3.98,-0.10,0.00,3.98
1513500,31.00,-0.01,3.99,-0.20,0.00,3.99
1514000,31.00,-0.02,3.98,0.00,0.00,3.98
1514500,31.00,-0.01,3.99,-0.30,0.00,3.99
1515000,31.00,-0.01,3.99,-0.40,0.00,3.99
1515500,31.00,-0.02,3.99,0.00,0.00,3.99
1516000,31.00,-0.02,3.98,-0.20,0.00,3.98
1516500,31.00,0.00,3.98,0.00,0.00,3.98
1517000,31.00,-0.01,3.98,-0.10,0.00,3.98
1517500,31.00,-0.01,3.98,-0.10,0.00,3.98
1518000,31.00,0.01,3.99,-0.10,0.00,3.99
1518500,31.00,-0.01,3.98,0.00,0.00,3.98
1519000,31.00,-0.03,3.98,-0.30,0.00,3.98
1519500,30.94,-0.02,3.98,-0.30,0.00,3.98
1520000,30.94,143.94,0.05,1464.80,76.00,0.19
1520500,30.94,143.77,0.05,1438.70,68.00,0.19
1521000,30.87,145.17,0.05,1450.70,68.00,0.19
1521500,30.87,145.35,0.05,1452.20,68.00,0.19
1522000,30.87,147.78,0.05,1488.20,72.00,0.20
1522500,30.87,143.45,0.05,1434.50,68.00,0.19
1523000,30.87,140.55,0.04,1419.20,68.00,0.18
1523500,30.87,144.38,0.05,1437.50,68.00,0.19
1524000,30.87,142.20,0.05,1428.80,62.00,0.19
1524500,30.87,148.76,0.05,1487.80,72.00,0.20
1525000,30.87,147.88,0.05,1479.10,78.00,0.20
1525500,30.87,144.41,0.05,1445.00,68.00,0.19
1526000,30.87,144.97,0.05,1452.10,68.00,0.19
1526500,30.87,146.23,0.05,1462.10,68.00,0.19
1527000,30.87,147.94,0.05,1472.00,72.00,0.20
1527500,30.81,147.23,0.05,1469.20,76.00,0.20
1528000,30.87,151.01,0.05,1530.20,78.00,0.20
1528500,30.87,152.99,0.05,1525.70,78.00,0.20
1529000,30.87,154.21,0.05,1544.40,82.00,0.21
1529500,30.81,156.66,0.05,1566.60,82.00,0.21
1530000,30.81,156.76,0.06,1566.00,82.00,0.21
1530500,30.81,159.24,0.05,1590.50,88.00,0.21
1531000,30.81,158.04,0.05,1576.80,82.00,0.21
1531500,30.81,155.29,0.05,1555.90,88.00,0.21
1532000,30.81,158.66,0.05,1585.60,88.00,0.21
1532500,30.81,158.57,0.05,1558.10,82.00,0.21
1533000,30.81,156.77,0.05,1565.50,88.00,0.21
1533500,30.81,158.46,0.05,1592.60,82.00,0.21
1534000,30.81,158.61,0.05,1585.70,82.00,0.21
1534500,30.81,160.97,0.06,1608.00,86.00,0.22
1535000,30.87,160.84,0.06,1608.80,92.00,0.22
1535500,30.81,161.29,0.06,1611.90,98.00,0.22
1536000,30.87,161.48,0.06,1615.00,86.00,0.22
1536500,30.81,161.34,0.06,1613.50,92.00,0.22
1537000,30.81,162.22,0.06,1623.10,92.00,0.22
1537500,30.81,162.05,0.05,1618.20,92.00,0.21
1538000,30.81,162.24,0.06,1623.80,92.00,0.22
1538500,30.81,162.55,0.05,1625.00,92.00,0.21
1539000,30.81,161.10,0.05,1618.80,86.00,0.21
1539500,30.81,161.55,0.05,1616.80,92.00,0.21
1540000,30.81,162.52,0.06,1623.70,92.00,0.22
1540500,30.81,161.18,0.06,1612.40,92.00,0.22
1541000,30.81,162.83,0.05,1627.70,92.00,0.21
1541500,30.81,162.90,0.06,1629.10,86.00,0.22
1542000,30.81,162.04,0.06,1620.20,92.00,0.22
1542500,30.81,162.36,0.06,1628.70,92.00,0.22
1543000,30.81,167.05,0.06,1672.80,102.00,0.23
1543500,30.81,166.58,0.06,1663.40,92.00,0.22
1544000,30.81,163.76,0.06,1636.90,98.00,0.22
1544500,30.81,163.58,0.06,1635.70,92.00,0.22
1545000,30.81,163.01,0.06,1627.00,92.00,0.22
1545500,30.81,163.25,0.06,1633.30,92.00,0.22
1546000,30.81,163.52,0.06,1634.90,92.00,0.22
1546500,30.81,162.87,0.06,1628.40,92.00,0.22
1547000,30.87,163.95,0.06,1638.80,92.00,0.22
1547500,30.81,162.93,0.06,1629.70,92.00,0.22
1548000,30.81,164.11,0.06,1639.80,86.00,0.22
1548500,30.81,162.69,0.06,1625.40,92.00,0.22
1549000,30.87,164.26,0.06,1641.30,98.00,0.22
1549500,30.81,163.32,0.06,1635.00,86.00,0.22
1550000,30.87,163.50,0.06,1635.70,92.00,0.22
1550500,30.81,162.85,0.06,1629.60,86.00,0.22
1551000,30.87,165.33,0.06,1651.70,92.00,0.23
1551500,30.81,164.40,0.06,1634.10,98.00,0.22
1552000,30.81,163.51,0.06,1643.90,92.00,0.22
1552500,30.81,164.32,0.06,1644.30,92.00,0.22
1553000,30.87,164.52,0.06,1647.00,92.00,0.22
1553500,30.81,165.13,0.06,1650.00,92.00,0.23
1554000,30.87,164.48,0.06,1644.50,92.00,0.22
1554500,30.81,164.35,0.06,1648.90,92.00,0.22
1555000,30.87,164.60,0.06,1648.70,92.00,0.22
1555500,30.81,165.51,0.06,1655.20,92.00,0.22
1556000,30.81,165.12,0.06,1651.80,98.00,0.22
1556500,30.87,165.71,0.06,1656.20,98.00,0.22
1557000,30.87,163.12,0.06,1629.50,86.00,0.22
1557500,30.81,165.71,0.06,1657.10,92.00,0.23
1558000,30.87,164.82,0.06,1647.40,98.00,0.22
1558500,30.81,163.22,0.06,1637.70,92.00,0.22
1559000,30.87,163.87,0.06,1639.10,92.00,0.22
1559500,30.81,167.46,0.06,1674.60,96.00,0.23
1560000,30.87,167.38,0.06,1672.50,102.00,0.22
1560500,30.87,167.22,0.06,1668.90,96.00,0.22
1561000,30.87,166.05,0.06,1661.20,98.00,0.22
1561500,30.81,167.07,0.06,1673.80,96.00,0.23
1562000,30.87,167.49,0.06,1675.20,102.00,0.23
1562500,30.81,167.66,0.06,1676.80,102.00,0.22
1563000,30.87,167.88,0.06,1676.60,96.00,0.23
1563500,30.87,169.05,0.06,1690.60,96.00,0.23
1564000,30.87,168.68,0.06,1685.60,102.00,0.23
1564500,30.81,169.20,0.06,1691.90,102.00,0.23
1565000,30.87,169.08,0.06,1690.70,102.00,0.23
1565500,30.81,169.37,0.06,1693.70,102.00,0.23
1566000,30.87,170.21,0.06,1701.00,102.00,0.23
1566500,30.81,170.14,0.06,1701.30,102.00,0.23
1567000,30.87,169.72,0.06,1696.50,96.00,0.23
1567500,30.81,170.38,0.06,1705.10,102.00,0.23
1568000,30.81,170.25,0.06,1702.70,102.00,0.23
1568500,30.81,170.94,0.06,1706.40,102.00,0.23
1569000,30.81,169.92,0.06,1699.30,102.00,0.23
1569500,30.81,170.93,0.06,1708.70,102.00,0.23
1570000,30.81,170.27,0.06,1702.40,102.00,0.23
1570500,30.81,170.49,0.06,1704.30,102.00,0.23
1571000,30.81,171.04,0.06,1711.50,102.00,0.23
1571500,30.81,171.09,0.06,1711.50,96.00,0.23
1572000,30.87,171.30,0.06,1712.80,102.00,0.23
1572500,30.81,171.22,0.06,1711.50,102.00,0.24
1573000,30.81,171.76,0.06,1716.40,112.00,0.23
1573500,30.81,171.14,0.06,1712.00,108.00,0.23
1574000,30.81,170.99,0.06,1709.40,102.00,0.23
1574500,30.81,171.21,0.06,1711.30,102.00,0.23
1575000,30.87,171.89,0.06,1719.90,112.00,0.23
1575500,30.87,171.91,0.06,1719.00,102.00,0.23
1576000,30.87,172.05,0.06,1719.50,112.00,0.23
1576500,30.81,171.57,0.06,1717.40,102.00,0.24
1577000,30.87,171.55,0.06,1716.10,102.00,0.23
1577500,30.81,171.47,0.06,1714.60,102.00,0.23
1578000,30.87,171.58,0.06,1715.90,102.00,0.23
1578500,30.81,171.60,0.06,1715.70,102.00,0.23
1579000,30.87,171.84,0.06,1718.40,102.00,0.24
1579500,30.81,172.16,0.06,1721.00,104.00,0.24
1580000,30.87,172.12,0.06,1722.80,104.00,0.23
1580500,30.81,172.33,0.06,1723.20,104.00,0.24
1581000,30.87,172.44,0.06,1725.30,112.00,0.24
1581500,30.87,172.64,0.06,1726.80,104.00,0.23
1582000,30.87,172.02,0.06,1721.20,104.00,0.23
1582500,30.87,172.29,0.06,1722.80,112.00,0.23
1583000,30.87,172.53,0.06,1725.50,104.00,0.24
1583500,30.87,172.92,0.06,1730.70,104.00,0.24
1584000,30.94,173.37,0.06,1733.60,112.00,0.23
1584500,30.87,173.16,0.06,1728.10,104.00,0.23
1585000,30.94,172.92,0.06,1730.50,104.00,0.23
1585500,30.87,173.86,0.06,1738.60,104.00,0.24
1586000,30.94,173.40,0.06,1732.90,112.00,0.24
1586500,30.87,173.13,0.06,1731.60,104.00,0.23
1587000,30.94,174.65,0.06,1739.30,112.00,0.23
1587500,30.87,173.83,0.06,1738.70,104.00,0.23
1588000,30.94,173.82,0.06,1738.40,112.00,0.23
1588500,30.94,175.63,0.06,1750.80,112.00,0.24
1589000,31.00,175.13,0.06,1750.50,104.00,0.24
1589500,30.94,175.22,0.06,1752.80,112.00,0.24
1590000,30.94,175.53,0.06,1756.80,112.00,0.24
1590500,30.94,175.15,0.06,1752.00,112.00,0.24
1591000,31.00,175.37,0.06,1753.40,112.00,0.24
1591500,30.94,174.38,0.06,1743.40,104.00,0.23
1592000,30.94,174.27,0.06,1750.70,104.00,0.23
1592500,31.00,174.44,0.06,1743.40,104.00,0.24
1593000,30.94,174.27,0.06,1742.60,112.00,0.23
1593500,31.00,175.11,0.06,1745.90,104.00,0.24
1594000,31.00,174.49,0.06,1744.70,104.00,0.24
1594500,31.00,174.27,0.06,1742.40,112.00,0.23
1595000,31.00,174.17,0.06,1744.00,104.00,0.23
1595500,31.00,174.42,0.06,1743.40,104.00,0.24
1596000,31.00,175.31,0.06,1752.10,104.00,0.24
1596500,31.00,174.54,0.06,1747.60,112.00,0.23
1597000,31.00,174.66,0.06,1753.00,104.00,0.24
1597500,31.00,174.78,0.06,1746.80,104.00,0.23
1598000,31.00,174.67,0.06,1748.90,104.00,0.24
1598500,31.00,174.67,0.06,1747.00,104.00,0.23
1599000,31.00,174.87,0.06,1748.60,112.00,0.23
1599500,31.00,174.81,0.06,1748.10,112.00,0.23
1600000,31.06,174.93,0.06,1749.00,112.00,0.23
1600500,31.00,171.61,0.06,1722.40,104.00,0.23
1601000,31.00,174.12,0.06,1738.10,104.00,0.23
1601500,31.00,173.72,0.06,1742.50,104.00,0.23
1602000,31.00,172.76,0.06,1725.10,112.00,0.23
1602500,31.00,173.29,0.06,1736.20,104.00,0.23
1603000,31.00,173.63,0.06,1736.30,104.00,0.24
1603500,31.00,173.89,0.06,1739.30,104.00,0.23
1604000,31.00,172.41,0.06,1723.10,104.00,0.23
1604500,31.00,174.90,0.06,1748.60,112.00,0.23
1605000,31.00,173.43,0.06,1736.60,104.00,0.23
1605500,31.00,171.49,0.06,1712.10,108.00,0.23
1606000,31.00,173.95,0.06,1738.10,112.00,0.23
1606500,31.06,172.77,0.06,1732.20,104.00,0.23
1607000,31.06,172.69,0.06,1728.70,104.00,0.24
1607500,31.06,172.46,0.06,1729.10,104.00,0.23
1608000,31.06,172.91,0.06,1729.10,112.00,0.23
1608500,31.06,173.41,0.06,1732.80,112.00,0.24
1609000,31.06,174.20,0.06,1740.50,104.00,0.23
1609500,31.06,173.84,0.06,1736.50,104.00,0.23
1610000,31.12,174.25,0.06,1742.60,104.00,0.24
1610500,31.12,174.93,0.06,1749.10,104.00,0.24
1611000,31.12,174.62,0.06,1739.10,112.00,0.23
1611500,31.12,174.84,0.06,1748.60,112.00,0.23
1612000,31.12,173.86,0.06,1738.20,112.00,0.23
1612500,31.19,173.91,0.06,1740.30,104.00,0.24
1613000,31.19,174.62,0.06,1746.10,104.00,0.23
1613500,31.19,172.94,0.06,1729.40,112.00,0.23
1614000,31.19,174.24,0.06,1741.00,104.00,0.23
1614500,31.19,173.06,0.06,1730.70,104.00,0.24
1615000,31.19,173.58,0.06,1737.00,104.00,0.24
1615500,31.19,172.66,0.06,1726.20,104.00,0.24
1616000,31.19,174.06,0.06,1738.20,112.00,0.24
1616500,31.19,174.34,0.06,1742.30,104.00,0.24
1617000,31.19,172.33,0.06,1720.80,104.00,0.23
1617500,31.25,174.47,0.06,1744.60,104.00,0.23
1618000,31.19,174.59,0.06,1746.40,112.00,0.24
1618500,31.25,172.72,0.06,1727.30,112.00,0.23
1619000,31.25,174.76,0.06,1747.30,112.00,0.24
1619500,31.25,174.98,0.06,1750.00,104.00,0.23
1620000,31.25,174.84,0.06,1751.20,112.00,0.24
1620500,31.25,175.05,0.06,1747.80,104.00,0.24
1621000,31.25,174.05,0.06,1740.50,112.00,0.24
1621500,31.31,179.04,0.06,1790.60,114.00,0.24
1622000,31.25,178.98,0.06,1789.40,114.00,0.24
1622500,31.31,179.06,0.06,1790.00,108.00,0.24
1623000,31.31,178.45,0.06,1789.30,114.00,0.24
1623500,31.31,179.25,0.06,1792.20,114.00,0.24
1624000,31.37,179.22,0.06,1791.90,108.00,0.24
1624500,31.31,178.60,0.06,1789.50,114.00,0.24
1625000,31.31,179.13,0.06,1790.70,114.00,0.24
1625500,31.37,179.02,0.06,1791.10,114.00,0.24
1626000,31.37,179.20,0.06,1793.00,114.00,0.24
1626500,31.37,179.10,0.06,1792.00,114.00,0.24
1627000,31.37,179.31,0.06,1793.30,114.00,0.24
1627500,31.37,178.80,0.06,1792.80,114.00,0.24
1628000,31.37,179.40,0.06,1791.50,114.00,0.24
1628500,31.37,178.60,0.06,1790.60,114.00,0.24
1629000,31.37,179.28,0.06,1790.70,114.00,0.24
1629500,31.37,179.30,0.06,1790.90,108.00,0.24
1630000,31.37,179.09,0.06,1790.50,114.00,0.24
1630500,31.37,179.05,0.06,1790.40,114.00,0.24
1631000,31.37,179.18,0.06,1791.60,114.00,0.24
1631500,31.44,179.00,0.06,1790.20,114.00,0.24
1632000,31.44,179.30,0.06,1793.20,114.00,0.24
1632500,31.44,179.49,0.07,1795.20,114.00,0.25
1633000,31.44,179.38,0.07,1793.70,122.00,0.25
1633500,31.44,179.38,0.06,1792.70,114.00,0.24
1634000,31.44,179.67,0.06,1796.50,114.00,0.24
1634500,31.44,179.66,0.06,1793.90,114.00,0.24
1635000,31.44,179.31,0.06,1793.10,114.00,0.24
1635500,31.50,179.26,0.06,1792.60,114.00,0.24
1636000,31.50,179.38,0.06,1793.20,114.00,0.24
1636500,31.50,179.30,0.06,1792.30,114.00,0.24
1637000,31.50,179.55,0.06,1793.70,114.00,0.24
1637500,31.50,179.66,0.06,1796.40,122.00,0.24
1638000,31.50,179.70,0.06,1795.70,114.00,0.24
1638500,31.50,179.67,0.06,1796.70,122.00,0.24
1639000,31.50,179.64,0.06,1795.40,114.00,0.24
1639500,31.50,180.04,0.06,1796.80,114.00,0.24
1640000,31.50,179.53,0.06,1795.60,114.00,0.24
1640500,31.50,179.70,0.06,1797.30,114.00,0.24
1641000,31.50,179.78,0.07,1797.90,114.00,0.25
1641500,31.56,179.82,0.06,1798.30,114.00,0.24
1642000,31.56,179.74,0.06,1796.70,114.00,0.24
1642500,31.56,179.76,0.06,1797.20,114.00,0.24
1643000,31.56,179.64,0.06,1796.00,114.00,0.24
1643500,31.56,179.70,0.07,1796.90,114.00,0.25
1644000,31.56,179.67,0.06,1796.40,114.00,0.24
1644500,31.56,179.71,0.06,1797.20,114.00,0.24
1645000,31.56,179.91,0.06,1797.50,114.00,0.24
1645500,31.62,179.61,0.06,1797.10,114.00,0.24
1646000,31.62,179.58,0.06,1795.30,122.00,0.24
1646500,31.62,179.65,0.06,1796.90,114.00,0.24
1647000,31.69,179.47,0.06,1794.50,122.00,0.24
1647500,31.69,179.84,0.07,1797.60,114.00,0.25
1648000,31.69,179.98,0.06,1798.30,108.00,0.24
1648500,31.69,179.74,0.07,1798.90,114.00,0.25
1649000,31.69,179.58,0.06,1798.80,114.00,0.24
1649500,31.69,179.76,0.06,1797.00,114.00,0.24
1650000,31.69,179.96,0.07,1799.70,114.00,0.25
1650500,31.75,179.90,0.06,1798.70,114.00,0.24
1651000,31.75,179.54,0.06,1796.20,114.00,0.24
1651500,31.75,179.92,0.07,1799.40,114.00,0.25
1652000,31.75,179.02,0.06,1790.20,114.00,0.24
1652500,31.75,179.30,0.06,1793.30,114.00,0.24
1653000,31.75,177.11,0.06,1771.90,104.00,0.24
1653500,31.81,176.88,0.06,1770.80,114.00,0.24
1654000,31.81,174.99,0.06,1741.80,112.00,0.24
1654500,31.81,179.09,0.06,1790.40,114.00,0.24
1655000,31.81,179.48,0.06,1796.80,114.00,0.24
1655500,31.87,179.41,0.06,1794.90,114.00,0.24
1656000,31.81,179.48,0.06,1794.40,114.00,0.24
1656500,31.87,179.77,0.06,1795.40,108.00,0.24
1657000,31.87,179.34,0.06,1791.40,114.00,0.24
1657500,31.87,177.83,0.06,1778.40,108.00,0.24
1658000,31.87,179.15,0.06,1791.10,114.00,0.24
1658500,31.87,178.93,0.06,1787.90,114.00,0.24
1659000,31.94,179.27,0.07,1792.80,114.00,0.25
1659500,31.94,179.23,0.06,1791.90,114.00,0.24
1660000,31.94,179.17,0.06,1792.10,114.00,0.24
1660500,31.94,179.35,0.06,1792.90,114.00,0.24
1661000,31.94,179.56,0.06,1794.70,114.00,0.24
1661500,31.94,179.55,0.06,1794.60,114.00,0.24
1662000,32.00,178.77,0.06,1789.40,114.00,0.24
1662500,32.00,178.97,0.06,1788.60,114.00,0.24
1663000,32.00,177.41,0.06,1773.60,114.00,0.24
1663500,32.00,176.60,0.06,1765.10,112.00,0.24
1664000,32.00,176.78,0.06,1758.00,112.00,0.24
1664500,32.00,176.05,0.06,1762.00,112.00,0.24
1665000,32.06,177.80,0.07,1795.10,108.00,0.25
1665500,32.06,181.99,0.06,1783.00,114.00,0.25
1666000,32.06,178.73,0.07,1786.90,114.00,0.25
1666500,32.06,176.19,0.06,1762.20,112.00,0.24
1667000,32.06,175.91,0.06,1755.50,112.00,0.24
1667500,32.13,176.36,0.06,1759.20,112.00,0.24
1668000,32.13,180.84,0.06,1812.60,124.00,0.24
1668500,32.13,180.44,0.07,1802.50,114.00,0.25
1669000,32.13,180.61,0.06,1807.90,114.00,0.24
1669500,32.13,181.11,0.06,1810.80,114.00,0.25
1670000,32.13,180.51,0.06,1816.90,124.00,0.24
1670500,32.19,181.08,0.07,1805.40,114.00,0.25
1671000,32.19,181.38,0.06,1807.70,114.00,0.25
1671500,32.19,180.42,0.06,1804.20,114.00,0.24
1672000,32.19,180.86,0.06,1806.80,114.00,0.24
1672500,32.19,180.67,0.06,1808.60,114.00,0.24
1673000,32.25,180.88,0.06,1809.60,114.00,0.24
1673500,32.25,180.37,0.07,1799.40,114.00,0.25
1674000,32.25,181.73,0.07,1817.10,114.00,0.25
1674500,32.25,181.43,0.07,1813.80,114.00,0.25
1675000,32.31,181.40,0.06,1813.80,114.00,0.25
1675500,32.31,181.10,0.06,1811.30,114.00,0.25
1676000,32.31,180.48,0.06,1804.50,114.00,0.24
1676500,32.31,180.90,0.07,1806.20,114.00,0.25
1677000,32.31,181.55,0.06,1815.40,124.00,0.25
1677500,32.38,181.30,0.07,1814.20,124.00,0.25
1678000,32.38,180.99,0.06,1808.50,114.00,0.24
1678500,32.38,182.33,0.06,1821.20,118.00,0.25
1679000,32.38,182.25,0.06,1820.20,124.00,0.25
1679500,32.38,182.58,0.07,1826.30,118.00,0.25
1680000,32.44,181.01,0.06,1811.10,124.00,0.25
1680500,32.44,181.99,0.06,1819.00,118.00,0.25
1681000,32.50,181.49,0.06,1814.20,124.00,0.25
1681500,32.50,183.48,0.06,1835.70,118.00,0.25
1682000,32.50,183.18,0.07,1833.00,118.00,0.25
1682500,32.50,183.09,0.06,1831.30,118.00,0.25
1683000,32.50,182.80,0.07,1823.00,124.00,0.25
1683500,32.50,183.26,0.07,1832.60,118.00,0.25
1684000,32.50,183.20,0.07,1830.80,118.00,0.25
1684500,32.56,183.32,0.07,1833.20,124.00,0.25
1685000,32.56,183.45,0.07,1834.70,118.00,0.25
1685500,32.56,183.50,0.06,1836.00,124.00,0.25
1686000,32.56,183.54,0.07,1836.00,124.00,0.25
1686500,32.56,183.71,0.07,1835.70,124.00,0.25
1687000,32.56,184.02,0.07,1839.80,124.00,0.25
1687500,32.56,184.00,0.07,1839.80,118.00,0.25
1688000,32.63,184.14,0.06,1839.50,118.00,0.25
1688500,32.63,184.41,0.07,1843.70,124.00,0.25
1689000,32.63,184.15,0.06,1841.20,124.00,0.25
1689500,32.63,183.12,0.06,1834.80,124.00,0.25
1690000,32.63,183.51,0.07,1835.70,124.00,0.25
1690500,32.69,184.37,0.07,1844.40,124.00,0.25
1691000,32.69,183.90,0.07,1841.60,124.00,0.25
1691500,32.69,184.60,0.06,1847.20,124.00,0.25
1692000,32.69,184.40,0.07,1847.90,124.00,0.25
1692500,32.69,184.86,0.06,1848.90,118.00,0.25
1693000,32.69,184.00,0.06,1839.60,118.00,0.25
1693500,32.69,183.56,0.07,1837.40,118.00,0.25
1694000,32.69,183.74,0.07,1837.20,124.00,0.25
1694500,32.69,184.58,0.06,1846.00,118.00,0.25
1695000,32.75,184.78,0.07,1849.00,124.00,0.25
1695500,32.75,184.52,0.06,1847.50,118.00,0.25
1696000,32.75,184.70,0.07,1848.40,118.00,0.25
1696500,32.75,184.22,0.07,1841.80,118.00,0.25
1697000,32.75,185.11,0.07,1848.10,124.00,0.25
1697500,32.69,184.35,0.07,1837.50,118.00,0.25
1698000,32.75,183.82,0.06,1843.40,124.00,0.25
1698500,32.75,184.45,0.07,1844.40,124.00,0.25
1699000,32.75,183.57,0.07,1837.30,124.00,0.25
1699500,32.81,184.77,0.07,1847.90,124.00,0.25
1700000,32.75,184.56,0.07,1850.90,124.00,0.25
1700500,32.75,184.59,0.07,1846.70,124.00,0.25
1701000,32.81,184.31,0.06,1842.10,124.00,0.25
1701500,32.81,184.09,0.07,1844.60,118.00,0.25
1702000,32.81,184.64,0.07,1846.40,124.00,0.25
1702500,32.81,185.00,0.07,1844.40,118.00,0.25
1703000,32.81,183.74,0.07,1837.40,124.00,0.25
1703500,32.81,183.95,0.07,1839.70,124.00,0.25
1704000,32.88,183.24,0.06,1833.30,118.00,0.25
1704500,32.88,184.61,0.07,1844.00,118.00,0.25
1705000,32.94,185.59,0.07,1855.50,118.00,0.25
1705500,32.94,183.56,0.07,1836.30,118.00,0.25
1706000,32.94,185.27,0.07,1856.20,124.00,0.25
1706500,32.94,184.54,0.07,1843.70,124.00,0.25
1707000,32.94,185.52,0.07,1854.10,124.00,0.25
1707500,32.94,186.02,0.06,1860.20,128.00,0.25
1708000,32.94,185.94,0.07,1858.30,128.00,0.26
1708500,32.94,185.83,0.07,1861.00,128.00,0.25
1709000,32.94,185.88,0.07,1857.70,128.00,0.25
1709500,33.00,185.88,0.07,1859.90,118.00,0.25
1710000,33.00,185.79,0.07,1857.40,128.00,0.25
1710500,33.00,185.75,0.07,1856.10,128.00,0.25
1711000,33.00,185.43,0.07,1853.70,124.00,0.25
1711500,33.00,185.65,0.07,1856.70,128.00,0.26
1712000,33.00,185.73,0.07,1856.90,128.00,0.25
1712500,33.00,185.63,0.07,1856.40,128.00,0.25
1713000,33.06,185.38,0.07,1853.40,124.00,0.25
1713500,33.06,0.02,3.99,-0.10,0.00,3.99
1714000,33.06,0.00,3.98,0.10,0.00,3.98
1714500,33.06,-0.04,3.99,0.10,0.00,3.99
1715000,33.06,-0.04,3.98,-0.10,0.00,3.98
1715500,33.13,-0.03,3.98,0.00,0.00,3.98
1716000,33.13,-0.01,3.99,-0.30,0.00,3.99
1716500,33.13,0.01,3.99,-0.20,0.00,3.99
1717000,33.13,-0.01,3.99,-0.20,0.00,3.99
1717500,33.13,0.01,3.98,-0.10,0.00,3.98
1718000,33.13,-0.01,3.98,-0.20,0.00,3.98
1718500,33.19,-0.01,3.99,-0.30,0.00,3.99
1719000,33.19,-0.03,3.99,0.00,0.00,3.99
1719500,33.19,-0.03,3.99,0.00,0.00,3.99
1720000,33.19,-0.02,3.99,0.20,0.00,3.99
1720500,33.19,-0.03,3.99,-0.30,0.00,3.99
1721000,33.19,-0.04,3.99,-0.20,0.00,3.99
1721500,33.19,-0.02,3.99,-0.40,0.00,3.99
1722000,33.25,-0.01,3.98,-0.10,0.00,3.98
1722500,33.25,0.00,3.99,-0.20,0.00,3.99
1723000,33.25,-0.01,3.98,-0.20,4.00,3.98
1723500,33.31,-0.02,3.98,-0.20,0.00,3.98
1724000,33.25,-0.04,3.99,0.10,0.00,3.99
1724500,33.31,-0.01,3.99,0.10,0.00,3.99
1725000,33.31,-0.01,3.98,0.00,0.00,3.98
1725500,33.31,-0.02,3.99,-0.30,0.00,3.99
